Company Name,Batch,Short Description,Company url,Founder Name(s),Founder LinkedIn URL(s)
DoorDash,SUMMER 2013,Restaurant delivery.,https://www.ycombinator.com/companies/doordash,"Andy Fang, Stanley Tang, Tony Xu","https://www.linkedin.com/in/fangsterr, https://www.linkedin.com/in/stanleytang, https://www.linkedin.com/in/xutony"
Airbnb,WINTER 2009,Book accommodations around the world.,https://www.ycombinator.com/companies/airbnb,"Nathan Blecharczyk, Brian Chesky, Joe Gebbia","https://www.linkedin.com/in/blecharczyk/, https://www.linkedin.com/in/brianchesky/, https://www.linkedin.com/in/jgebbia/"
Coinbase,SUMMER 2012,"Buy, sell, and manage cryptocurrencies.",https://www.ycombinator.com/companies/coinbase,Brian Armstrong,https://www.linkedin.com/in/barmstrong/
Instacart,SUMMER 2012,Marketplace for grocery delivery and pickup,https://www.ycombinator.com/companies/instacart,"Apoorva Mehta, Brandon Leonardo, Max Mullen","https://www.linkedin.com/in/apoorvamehta/, https://www.linkedin.com/in/leonardo/, https://www.linkedin.com/in/maxmullen/"
Oklo,SUMMER 2014,"Emission free, always on power from advanced fission power plants.",https://www.ycombinator.com/companies/oklo,"Caroline Cochran, Jacob DeWitte","https://www.linkedin.com/in/caorilne, http://linkedin.com/in/jacob-dewitte-90062132"
Dropbox,SUMMER 2007,Backup and share files in the cloud.,https://www.ycombinator.com/companies/dropbox,"Arash Ferdowsi, Drew Houston","https://www.linkedin.com/in/arashferdowsi/, https://www.linkedin.com/in/drewhouston/"
GitLab,WINTER 2015,A complete DevOps platform delivered as a single application.,https://www.ycombinator.com/companies/gitlab,"Sytse Sijbrandij, Dmytro Zaporozhets","http://nl.linkedin.com/in/sijbrandij, https://www.linkedin.com/in/dzaporozhets"
Rigetti Computing,SUMMER 2014,Quantum coherent supercomputing.,https://www.ycombinator.com/companies/rigetti-computing,Chad Rigetti,https://www.linkedin.com/in/chad-rigetti-9891562
Matterport,WINTER 2012,Turn physical objects and environments into 3D models in seconds.,https://www.ycombinator.com/companies/matterport,David Gausebeck,https://www.linkedin.com/in/david-gausebeck-ab23015
Amplitude,WINTER 2012,Digital Analytics Platform,https://www.ycombinator.com/companies/amplitude,"Spenser Skates, Curtis Liu",https://www.linkedin.com/in/spenserskates
PagerDuty,SUMMER 2010,Real-time visibility into critical apps and services all in one place.,https://www.ycombinator.com/companies/pagerduty,Alex Solomon,https://www.linkedin.com/in/alexsolo
Weave,WINTER 2014,Customer communication and payments platform.,https://www.ycombinator.com/companies/weave,"Jared Rodman, Clint Berry, Brandon Rodman","https://www.linkedin.com/in/jared-rodman-2188a23b/, https://www.linkedin.com/in/clintonberry, https://www.linkedin.com/in/brandonrodman"
Ginkgo Bioworks,SUMMER 2014,Our mission is to make biology easier to engineer.,https://www.ycombinator.com/companies/ginkgo-bioworks,"Barry Canton, Austin Che, Jason Kelly, Tom Knight, Reshma Shetty","https://www.linkedin.com/in/barry-canton-6826424/, https://www.linkedin.com/in/austinche/, https://www.linkedin.com/in/jrkelly2/, https://www.linkedin.com/in/tom-knight-2236324/, https://www.linkedin.com/in/rpshetty/"
Pardes Biosciences,SUMMER 2020,We break viruses,https://www.ycombinator.com/companies/pardes-bio,Uri Lopatin,https://linkedin.com/in/urilopatin
Embark Trucks,WINTER 2016,Self-driving semi trucks.,https://www.ycombinator.com/companies/embark-trucks,"Alex Rodrigues, Brandon Moak","https://ca.linkedin.com/in/rodriguesalex, https://ca.linkedin.com/in/brandonmoak"
Lucira Health,WINTER 2015,Next generation infectious disease test kits,https://www.ycombinator.com/companies/lucira-health,Debkishore Mitra,http://www.linkedin.com/in/debkishoremitra
Momentus,SUMMER 2018,The space infrastructure services company,https://www.ycombinator.com/companies/momentus,Mikhail Kokorich,https://linkedin.com/in/kokorich
Segment,SUMMER 2011,"Software and APIs to collect, clean, and control customer data.",https://www.ycombinator.com/companies/segment,"Calvin French-Owen, Ilya Volodarsky","https://www.linkedin.com/in/calvinfo/, https://www.linkedin.com/in/ilyavolodarsky/"
Algolia,WINTER 2014,A developer-friendly and enterprise-grade search API.,https://www.ycombinator.com/companies/algolia,"Nicolas Dessaigne, Julien Lemoine","https://www.linkedin.com/in/nicolasdessaigne/, https://linkedin.com/in/julienlemoine"
Truebill,WINTER 2016,Live your best financial life,https://www.ycombinator.com/companies/truebill,"Haroon Mokhtarzada, Yahya Mokhtarzada, Idris Mokhtarzada","https://www.linkedin.com/in/haroonmokhtarzada/, https://www.linkedin.com/in/yahyamokhtarzada, https://www.linkedin.com/in/idrismokhtarzada"
Twitch,WINTER 2007,A global community creating the future of live entertainment.,https://www.ycombinator.com/companies/twitch,"Emmett Shear, Justin Kan, Kyle Vogt","https://www.linkedin.com/in/emmettshear, https://www.linkedin.com/in/justinkan, https://www.linkedin.com/in/kylevogt/"
PlanGrid,WINTER 2012,Mobile applications for the construction industry.,https://www.ycombinator.com/companies/plangrid,"Ralph Gootee, Ryan Sutton-Gee, Tracy Young","https://www.linkedin.com/in/ralphleon/, https://www.linkedin.com/in/rsuttong, https://www.linkedin.com/in/tracy-young-0a17441"
Bellabeat,WINTER 2014,Tech-powered women's wellness.,https://www.ycombinator.com/companies/bellabeat,"Urska Srsen, Sandro Mur",
Cruise,WINTER 2014,Self-driving cars.,https://www.ycombinator.com/companies/cruise,"Daniel Kan, Kyle Vogt","https://www.linkedin.com/in/danielkan, https://www.linkedin.com/in/kylevogt/"
Benchling,SUMMER 2012,Unlocking the power of biotech with modern software for modern science,https://www.ycombinator.com/companies/benchling,Sajith Wickramasekara,
Casetext,SUMMER 2013,We make the world's laws free and understandable.,https://www.ycombinator.com/companies/casetext,Jake Heller,https://www.linkedin.com/in/jakeheller/
Bird,SUMMER 2016,The world’s largest omnichannel communications platform,https://www.ycombinator.com/companies/bird,"Bob Violier, Robert Vis, Joey van Ommen",
Brex,WINTER 2017,"Business accounts, corporate cards, and spend management software.",https://www.ycombinator.com/companies/brex,"Pedro Franceschi, Henrique Dubugras","https://www.linkedin.com/in/pfranceschi, https://br.linkedin.com/in/henriquedubugras"
The Athletic,SUMMER 2016,Subscription sports media.,https://www.ycombinator.com/companies/the-athletic,"Adam Hansmann, Alex Mather","https://www.linkedin.com/in/adamhansmann, https://www.linkedin.com/in/alexemather"
Codecademy,SUMMER 2011,The leading online learning platform for technical skills.,https://www.ycombinator.com/companies/codecademy,Zach Sims,https://www.linkedin.com/in/zacharysims
Checkr,SUMMER 2014,People infrastructure for the future of work,https://www.ycombinator.com/companies/checkr,"Daniel Yanisse, Jonathan Perichon","https://www.linkedin.com/in/yanisse, https://www.linkedin.com/in/jperichon/"
Lever,SUMMER 2012,Talent Acquisition Suite that combines ATS + Talent CRM,https://www.ycombinator.com/companies/lever,"Brian Noguchi, Nate Smith, Sarah Nahm","https://linkedin.com/in/briannoguchi, https://www.linkedin.com/in/nateps/, https://www.linkedin.com/in/sarahnahm"
Clipboard Health,WINTER 2017,Connects healthcare facilities with nurses nearby.,https://www.ycombinator.com/companies/clipboard-health,Wei Deng,https://www.linkedin.com/in/dengwei
Heap,WINTER 2013,Captures user interactions with no code to generate analytics.,https://www.ycombinator.com/companies/heap,Matin Movassate,https://www.linkedin.com/in/matin-movassate-29494723
Sendwave,WINTER 2012,"Instant, no fee international remittances.",https://www.ycombinator.com/companies/sendwave,"Drew Durbin, Lincoln Quirk","https://www.linkedin.com/in/drew-durbin-52517614/, https://www.linkedin.com/in/lincolnquirk"
Deel,WINTER 2019,The all-in-one HR and payroll platform for global teams,https://www.ycombinator.com/companies/deel,"Alex Bouaziz, Shuo Wang","https://www.linkedin.com/in/alexbouaziz/, https://www.linkedin.com/in/shuo-wang-848a8956/"
Clever,SUMMER 2012,The platform that powers technology in the classroom.,https://www.ycombinator.com/companies/clever,"Dan Carroll, Rafael Garcia","https://www.linkedin.com/in/danielcarroll/, https://www.linkedin.com/in/rafgarcia/"
Caper,WINTER 2016,Plug-and-play cashier-less retail powered by computer vision and AI,https://www.ycombinator.com/companies/caper,"Ahmed Beshry, Lindon Gao, Yilin Huang",https://ca.linkedin.com/in/ahmedbeshry
EquipmentShare,WINTER 2015,Cloud solutions for the construction industry.,https://www.ycombinator.com/companies/equipmentshare,"Brad Siegler, Jeff Lowe, Jabbok Schlacks, William Schlacks","https://linkedin.com/in/bradsiegler, https://www.linkedin.com/in/lowejeffrey, https://www.linkedin.com/in/jabbok-schlacks-319a378a, https://www.linkedin.com/in/william-schlacks-49796016"
Reddit,SUMMER 2005,The frontpage of the internet.,https://www.ycombinator.com/companies/reddit,Steve Huffman,https://www.linkedin.com/in/shuffman56/
Fivestars,WINTER 2011,Customer loyalty and payments platform for small businesses.,https://www.ycombinator.com/companies/fivestars,"Victor Ho, Matt Doka","https://www.linkedin.com/in/victor-ho-47257211/, https://www.linkedin.com/in/mattdoka/"
Machine Zone,WINTER 2008,Pioneers of mobile social gaming.,https://www.ycombinator.com/companies/machine-zone,"Gabriel Leydon, Halbert Nakagawa, Mike Sherrill",https://www.linkedin.com/in/mikesherrill
Faire,WINTER 2017,The global online platform empowering independent retail.,https://www.ycombinator.com/companies/faire,"Marcelo Cortes, Daniele Perito, Max Rhodes","https://www.linkedin.com/in/marcelo-cortes-b34317, https://www.linkedin.com/in/danieleperito, https://www.linkedin.com/in/max-rhodes"
Fivetran,WINTER 2013,The leader in automated data movement,https://www.ycombinator.com/companies/fivetran,"Taylor Brown, George Fraser","https://www.linkedin.com/in/taylorwcbrown, https://www.linkedin.com/in/george-fraser-a0219230"
Optimizely,WINTER 2010,The first all-in-one operating system for marketing,https://www.ycombinator.com/companies/optimizely,Pete Koomen,https://www.linkedin.com/in/petekoomen/
Flexport,WINTER 2014,Platform for global logistics.,https://www.ycombinator.com/companies/flexport,Ryan Petersen,https://www.linkedin.com/in/rpetersen
WePay,SUMMER 2009,Payments for platform businesses.,https://www.ycombinator.com/companies/wepay,"Richard Aberman, Bill Clerico","https://www.linkedin.com/in/richaberman/, https://www.linkedin.com/in/billclerico"
Weebly,WINTER 2007,Build a free website that grows with your business.,https://www.ycombinator.com/companies/weebly,"David Rusenko, Chris Fanini, Dan Veltri","https://www.linkedin.com/in/drusenko, https://www.linkedin.com/in/chrisfanini/"
Flock Safety,SUMMER 2017,The first public safety operating system that eliminates crime.,https://www.ycombinator.com/companies/flock-safety,"Matt Feury, Garrett Langley","https://www.linkedin.com/in/matt-feury-a105a339/, https://www.linkedin.com/in/glangley/"
Sqreen,WINTER 2018,Sqreen is the application security platform for the modern enterprise,https://www.ycombinator.com/companies/sqreen,"Pierre Betouin, Jean-Baptiste Aviat","https://www.linkedin.com/in/pbetouin/, https://www.linkedin.com/in/jbaviat"
NURX,WINTER 2016,"Medicine or testing kit, prescribed online and delivered to your door.",https://www.ycombinator.com/companies/nurx,Edvard Engesaeth,
Go1,SUMMER 2015,A learning platform that enables you to train your staff or customers.,https://www.ycombinator.com/companies/go1,"Andrew Barnes, Chris Eigeland, Chris Hood, Vu Tran","http://www.linkedin.com/in/ajbarnes, https://au.linkedin.com/in/chriseigeland, http://au.linkedin.com/in/chrish00d"
CoreOS,SUMMER 2013,Open source tools of modern distributed systems.,https://www.ycombinator.com/companies/coreos,Alex Polvi,https://www.linkedin.com/in/polvi/
Bear Flag Robotics,WINTER 2018,Autonomous driving technology for farm tractors.,https://www.ycombinator.com/companies/bear-flag-robotics,"Igino Cafiero, Aubrey Donnellan","https://www.linkedin.com/in/igino-cafiero-43b213b0, https://www.linkedin.com/in/aubrey-donnellan-0b676b7/"
GOAT Group,WINTER 2011,"Platform for the greatest products from the past, present and future.",https://www.ycombinator.com/companies/goat-group,"Eddy Lu, Daishin Sugano","https://www.linkedin.com/in/eddylu/, https://www.linkedin.com/in/sensugano"
Heroku,WINTER 2008,Enabling developers to build and run applications in the cloud.,https://www.ycombinator.com/companies/heroku,"Orion Henry, James Lindenbaum, Adam Wiggins","https://www.linkedin.com/in/jameslindenbaum, https://www.linkedin.com/in/adam-wiggins-a7623845"
Groww,WINTER 2018,"Making financial services simple, transparent and delightful.",https://www.ycombinator.com/companies/groww,"Ishan Bansal, Harsh Jain, Lalit Keshre, Neeraj Singh","https://in.linkedin.com/in/ishan-bansal-8678b216, https://in.linkedin.com/in/harshjainiitd, https://www.linkedin.com/in/lalitkeshre, https://www.linkedin.com/in/neeraj-singh-a910819"
GrubMarket,WINTER 2015,AI-powered technology enabler and digital transformer of American…,https://www.ycombinator.com/companies/grubmarket,Mike Xu,
HelloSign,WINTER 2011,eSignature software for small and mid-market businesses.,https://www.ycombinator.com/companies/hellosign,Neal O'Mara,https://www.linkedin.com/in/nealomara/
Zenefits,WINTER 2013,"HR for small businesses: onboarding, payroll and benefits.",https://www.ycombinator.com/companies/zenefits,Laks Srini,http://www.linkedin.com/in/lakssrini
Gusto,WINTER 2012,Provides growing businesses with everything to take care of their team,https://www.ycombinator.com/companies/gusto,"Edward Kim, Tomer London, Josh Reeves","https://www.linkedin.com/in/edawerd/, https://www.linkedin.com/in/tomerlondon/, https://www.linkedin.com/in/joshuareeves/"
Honeylove,SUMMER 2018,Honeylove makes functional undergarments for women,https://www.ycombinator.com/companies/honeylove,Betsie Larkin,https://www.linkedin.com/in/betsie-larkin-611a49ba
Modern Fertility,SUMMER 2017,At-home fertility test for women who aren't ready for kids right now…,https://www.ycombinator.com/companies/modern-fertility,"Carly Leahy, Afton Vechery","https://www.linkedin.com/in/carlyleahy, https://www.linkedin.com/in/aftonv/"
Cognito,SUMMER 2014,"Frictionless, modern identity verification that starts with just a…",https://www.ycombinator.com/companies/cognito,"John Backus, Alain Meier, Christopher Morton","https://www.linkedin.com/in/alainmeier/, https://linkedin.com/in/mortonch"
OpenInvest,SUMMER 2015,Values based personalization at scale for asset and wealth management,https://www.ycombinator.com/companies/openinvest,"Conor Murray, Phillip Wei",http://www.linkedin.com/in/phillipwei
Meesho,SUMMER 2016,Democratizing internet commerce for everyone in India,https://www.ycombinator.com/companies/meesho,"Vidit Aatrey, Sanjeev Barnwal","https://www.linkedin.com/in/vidit-aatrey-a3639120, https://www.linkedin.com/in/sanjeev-barnwal-4099341b"
Mixpanel,SUMMER 2009,Mixpanel is event analytics for builders that need answers.,https://www.ycombinator.com/companies/mixpanel,"Tim Trefren, Suhail Doshi","https://linkedin.com/in/timtrefren, https://www.linkedin.com/in/suhaildoshi/"
Paystack,WINTER 2016,Modern payments infrastructure for Africa,https://www.ycombinator.com/companies/paystack,"Shola Akinlade, Ezra Olubi","http://ng.linkedin.com/in/shollsman/en, https://ng.linkedin.com/in/cfezra"
Moxion Power Co.,WINTER 2021,Mobile Energy Storage Technology,https://www.ycombinator.com/companies/moxion-power-co,"Paul Huelskamp, Alexander Meek","https://www.linkedin.com/in/paulhuelskamp, https://www.linkedin.com/in/alexandermeek/"
DrChrono,WINTER 2011,The essential platform for modern medical practices and patients.,https://www.ycombinator.com/companies/drchrono,"Daniel Kivatinos, Michael Nusimow","https://www.linkedin.com/in/kivatinos/, https://linkedin.com/in/mnusimow"
OMGPop,SUMMER 2006,An independent flash game studio.,https://www.ycombinator.com/companies/omgpop,Charles Forman,https://www.linkedin.com/in/iminlikewithyou/
Newfront,WINTER 2018,Modern insurance brokerage.,https://www.ycombinator.com/companies/newfront-insurance,"Spike Lipkin, Gordon Wintrob","https://www.linkedin.com/in/spike-lipkin-8173651b/, https://www.linkedin.com/in/gwintrob"
North,WINTER 2013,Wearable computing hardware: biosignal gesture recognition,https://www.ycombinator.com/companies/north,"Stephen Lake, Matthew Bailey, Aaron Grant",https://linkedin.com/in/slake
Nowports,WINTER 2019,The core engine of supply chain in LATAM,https://www.ycombinator.com/companies/nowports,"Maximiliano Casal, Alfonso de los Rios Villareal","https://www.linkedin.com/in/maxcasal/, https://www.linkedin.com/in/alfonso-de-los-rios-24a3a713a/"
Odeko,SUMMER 2019,Our operations software makes it easier to run--and grow--your cafe,https://www.ycombinator.com/companies/odeko,James Burkhardt,https://www.linkedin.com/in/james-burkhardt-6bb4ab48/
GitPrime,WINTER 2016,Visibility and analytics for software development leaders.,https://www.ycombinator.com/companies/gitprime,"Ben Thompson, Travis Kimmel","https://www.linkedin.com/in/thompsonben, https://www.linkedin.com/in/travis-kimmel-20111b2a"
Proxy,SUMMER 2016,Smart ring digital wallet,https://www.ycombinator.com/companies/proxy,"Denis Mars, Simon Ratner","https://www.linkedin.com/in/denismars, https://www.linkedin.com/in/simonratner"
FutureAdvisor,SUMMER 2010,The online financial management service for everyone.,https://www.ycombinator.com/companies/futureadvisor,Bo Lu,https://www.linkedin.com/in/boluprofile
Podium,WINTER 2016,Get more leads. Make more money.,https://www.ycombinator.com/companies/podium,"Dennis Steele, Eric Rea","https://www.linkedin.com/in/steeledennis, https://www.linkedin.com/in/ericrea"
Rappi,WINTER 2016,On-demand delivery and financial services for Latin America.,https://www.ycombinator.com/companies/rappi,"Sebastian Mejia, Simon Borrero, Felipe Villamarin","https://www.linkedin.com/in/sebastianmejia, https://co.linkedin.com/in/simonborrero, https://www.linkedin.com/in/felipe-villamarin-85518161"
Razorpay,WINTER 2015,India's only full-stack financial solutions company for businesses.,https://www.ycombinator.com/companies/razorpay,"Shashank Kumar, Harshil Mathur",http://www.linkedin.com/in/kumarshashank
Rippling,WINTER 2017,"One place to run all your HR, IT, and Finance. Globally.",https://www.ycombinator.com/companies/rippling,"Parker Conrad, Prasanna S","https://www.linkedin.com/in/parkerconrad, https://www.linkedin.com/in/myprasanna"
Scale AI,SUMMER 2016,Data-centric infrastructure to accelerate the development of AI,https://www.ycombinator.com/companies/scale-ai,Alexandr Wang,https://www.linkedin.com/in/alexandrwang
Scentbird,SUMMER 2015,Scentbird is a luxury fragrance subscription service.,https://www.ycombinator.com/companies/scentbird,Mariya Nurislamova,http://www.linkedin.com/in/mariyanurislamova/
Scribd,SUMMER 2006,World's largest online library.,https://www.ycombinator.com/companies/scribd,Jared Friedman,https://linkedin.com/in/jaredfriedman
ShipBob,SUMMER 2014,Providing Amazon level logistics to e-commerce businesses.,https://www.ycombinator.com/companies/shipbob,"Divey Gulati, Dhruv Saxena","https://www.linkedin.com/in/divey-gulati-90299414, https://www.linkedin.com/in/dhruv-saxena-4568034"
SmartAsset,SUMMER 2012,Marketplace connecting consumers to financial advisors,https://www.ycombinator.com/companies/smartasset,Michael Carvin,https://www.linkedin.com/in/michael-carvin-5315692a
Stripe,SUMMER 2009,Economic infrastructure for the internet.,https://www.ycombinator.com/companies/stripe,"John Collison, Patrick Collison","https://www.linkedin.com/in/johnbcollison/, https://www.linkedin.com/in/patrickcollison/"
Wave,WINTER 2012,Mobile money app for Africa,https://www.ycombinator.com/companies/wave,"Drew Durbin, Lincoln Quirk","https://www.linkedin.com/in/drew-durbin-52517614/, https://www.linkedin.com/in/lincolnquirk"
Webflow,SUMMER 2013,Professional website design and publishing platform.,https://www.ycombinator.com/companies/webflow,"Bryant Chou, Sergie Magdalin, Vlad Magdalin","https://www.linkedin.com/in/bryantchou, https://www.linkedin.com/in/vladmagdalin/"
Whatnot,WINTER 2020,Whatnot is the largest livestream shopping platform in the U.S.,https://www.ycombinator.com/companies/whatnot,"Logan Head, Grant LaFontaine","https://www.linkedin.com/in/logan-head-b0866615, https://www.linkedin.com/in/grantlafontaine/"
Zapier,SUMMER 2012,The easiest way to automate your work.,https://www.ycombinator.com/companies/zapier,"Wade Foster, Bryan Helmig, Mike Knoop","https://www.linkedin.com/in/wadefoster/, https://www.linkedin.com/in/bryanhelmig, https://www.linkedin.com/in/mikeknoop"
Zepto,WINTER 2021,10-Minute Grocery Delivery in India,https://www.ycombinator.com/companies/zepto,"Aadit Palicha, Kaivalya Vohra","https://www.linkedin.com/in/aadit-palicha/, https://www.linkedin.com/in/kaivalya-vohra/"
Focal Systems,WINTER 2016,Building the Operating System for B&M Retail using Deep Learning,https://www.ycombinator.com/companies/focal-systems,Michael Cantalino,
Mio,WINTER 2016,Mio powers seamless communication between workplace chat apps.,https://www.ycombinator.com/companies/mio,"James Cundle, Tom Hadfield","https://www.linkedin.com/in/jamescundle/, http://www.linkedin.com/in/hadfieldtom/"
Daily,WINTER 2016,Conversational Voice and Multimodal AI built with Open Source,https://www.ycombinator.com/companies/daily,Kwindla Hultman Kramer,
Petcube,WINTER 2016,Petcube is on the mission to improve lives of pets and pet owners…,https://www.ycombinator.com/companies/petcube,"Andrey Klen, Alex (Sasha) Neskin, Yaroslav Azhnyuk","https://www.linkedin.com/in/andreyklen, https://www.linkedin.com/in/YaroslavAzhnyuk"
Outschool,WINTER 2016,A live online learning platform that empowers kids ages 3–18.,https://www.ycombinator.com/companies/outschool,"Nicholas Grandy, Amir Nathoo",https://www.linkedin.com/in/amirnathoo
Mason,WINTER 2016,Mason is the fastest way to take smart devices from idea to end user,https://www.ycombinator.com/companies/mason,Jim Xiao,https://www.linkedin.com/in/jimxiao
MagicBus,WINTER 2016,We make vanpool simple.,https://www.ycombinator.com/companies/magicbus,"Jason Kraft, Chris Upjohn",https://linkedin.com/in/jasonjkraft
Tovala,WINTER 2016,A smart-oven-paired subscription meal service.,https://www.ycombinator.com/companies/tovala,"David Rabie, Bryan Wilcox","http://www.linkedin.com/in/davidrabie/en, https://linkedin.com/in/bryanwilcox"
iSono Health,WINTER 2016,AI-powered platform for Accessible and Personalized Breast Health…,https://www.ycombinator.com/companies/isono-health,Shadi Saberi,http://www.linkedin.com/in/ssaberig
GetAccept,WINTER 2016,Close deals faster. Digitally.,https://www.ycombinator.com/companies/getaccept,"Jonas Blanck, Mathias Thulin, Carl Carell, Samir Smajic","https://www.linkedin.com/in/jonasblanck, https://www.linkedin.com/in/mathiasthulin/, https://se.linkedin.com/in/carlcarell, https://www.linkedin.com/in/samirsmajic"
Chatfuel,WINTER 2016,Platform to easily create chatbots to engage with audiences on…,https://www.ycombinator.com/companies/chatfuel,"Dmitrii Dumik, Artem Ptashnik","https://www.linkedin.com/in/ddumik, https://www.linkedin.com/in/artem-ptashnik-828163bb/"
Yardbook,WINTER 2016,Marketplace & Software Revolutionizing Yard Care,https://www.ycombinator.com/companies/yardbook,Mark Ke,
GoCardless,SUMMER 2011,We’re building the world’s bank payment network.,https://www.ycombinator.com/companies/gocardless,"Hiroki Takeuchi, Tom Blomfield","https://www.linkedin.com/in/hirokitakeuchi/, https://www.linkedin.com/in/tomblomfield"
Stealth Worker,WINTER 2016,"Information Security (Cyber Security), Compliance and Privacy (GDPR &…",https://www.ycombinator.com/companies/stealth-worker,Ken Baylor,https://www.linkedin.com/in/kenbaylor
Deepgram,WINTER 2016,Building foundational AI for speech transcription and understanding.,https://www.ycombinator.com/companies/deepgram,Scott Stephenson,
SOUNDBOKS,WINTER 2016,We're creating the loudest battery-driven speaker on the market,https://www.ycombinator.com/companies/soundboks,"Jesper Theil Thomsen, Christoffer Nyvold",
Lattice,WINTER 2016,Modern people management platform.,https://www.ycombinator.com/companies/lattice,"Eric Koslow, Jack Altman","https://www.linkedin.com/in/erickoslow, https://www.linkedin.com/in/jackealtman"
Mux,WINTER 2016,Video infrastructure for developers,https://www.ycombinator.com/companies/mux,"Adam Brown, Jon Dahl, Steve Heffernan, Matthew McClure","https://www.linkedin.com/in/adam-brown-7452b03a/, https://www.linkedin.com/in/zencoder, https://www.linkedin.com/in/heffernan"
Human Interest,SUMMER 2015,The 401(k) for small and medium-sized businesses.,https://www.ycombinator.com/companies/human-interest,"Roger Lee, Paul Sawaya","https://www.linkedin.com/in/rogerrlee/, https://linkedin.com/in/paulsawaya"
Flirtey (SkyDrop),SUMMER 2015,Flirtey is the world’s first commercial drone delivery service and…,https://www.ycombinator.com/companies/flirtey,Matthew Sweeny,https://www.linkedin.com/in/matthew-sweeny-732b70127/
Eight Sleep,SUMMER 2015,The sleep fitness company.,https://www.ycombinator.com/companies/eight-sleep,"Massimo Andreasi Bassi, Matteo Franceschetti, Alexandra Zatarain","https://www.linkedin.com/in/maghis, https://www.linkedin.com/in/matteofranceschetti, http://www.linkedin.com/in/alexandrazatarain/"
Instawork,SUMMER 2015,A flexible work app that connects businesses with hourly workers.,https://www.ycombinator.com/companies/instawork,Sumir Meghani,https://www.linkedin.com/in/sumirmeghani
Cofactor Genomics,SUMMER 2015,Cofactor closes the precision medicine gap with predictive diagnostics,https://www.ycombinator.com/companies/cofactor-genomics,"Dave Messina, Jarret Glasscock","http://linkedin.com/in/davemessina, https://www.linkedin.com/in/jarretglasscock"
Click & Grow,SUMMER 2015,Click & Grow makes indoor urban gardens and farms that take complete…,https://www.ycombinator.com/companies/click-and-grow,Mattias Lepp,
Bitmovin,SUMMER 2015,Powers OTT online video providers with video developer tools.,https://www.ycombinator.com/companies/bitmovin,"Christian Timmerer, Stefan Lederer, Christopher Mueller","https://www.linkedin.com/in/christiantimmerer, https://www.linkedin.com/in/bitmovin-chris/"
TetraScience,SUMMER 2015,The only R&D data cloud for life sciences,https://www.ycombinator.com/companies/tetrascience,Siping Wang,
The Ticket Fairy,SUMMER 2015,Revenue generation for live events,https://www.ycombinator.com/companies/the-ticket-fairy,"Ritesh Patel, Jigar Patel","http://www.linkedin.com/in/riteshdpatel, http://www.linkedin.com/in/desinex"
Font Awesome,SUMMER 2015,Icons and social logos for your website.,https://www.ycombinator.com/companies/font-awesome,"Dave Gandy, Travis Chase","https://linkedin.com/in/davegandy, http://www.linkedin.com/in/supercodepoet"
"80,000 Hours",SUMMER 2015,An online guide that tells talented graduates how to maximise the…,https://www.ycombinator.com/companies/80-000-hours,"William MacAskill, Benjamin Todd",http://uk.linkedin.com/in/wdmacaskill
Xendit,SUMMER 2015,Provides payment infrastructure for Southeast Asia,https://www.ycombinator.com/companies/xendit,"Bo Chen, Juan Gonzalez, Moses Lo","https://www.linkedin.com/in/bochen303, https://www.linkedin.com/in/0505gonzalez, http://linkedin.com/in/moseslo"
Shred Video,SUMMER 2015,Shred Video builds automated video & photo systems that allow…,https://www.ycombinator.com/companies/shred-video,"Mike Allen, Mark Godfrey",
Shape (ShapeScale),SUMMER 2015,ShapeScale is a personal 3D scanner and fitness tracker that…,https://www.ycombinator.com/companies/shape-shapescale,"Martin Kessler, Alexandre Wayenberg","https://www.linkedin.com/in/martinkessler, http://www.linkedin.com/in/awayenberg"
RedCarpetUp,SUMMER 2015,Credit cards for Indians that banks cannot see,https://www.ycombinator.com/companies/redcarpetup,Kartik Venkataraman,https://www.linkedin.com/in/kartikvenkataraman1
Plate IQ,SUMMER 2015,Automated Accounts Payable,https://www.ycombinator.com/companies/plate-iq,"Ram Jayaraman, Bhavuk Kaul","https://www.linkedin.com/in/ramprabhuj, https://www.linkedin.com/in/bhavukkaul"
PickTrace,SUMMER 2015,Workforce Management for Large Farms,https://www.ycombinator.com/companies/picktrace,"Harrison Steed, Austin Steed",https://www.linkedin.com/in/austinsteed
Fountain,SUMMER 2015,High volume hiring made simple,https://www.ycombinator.com/companies/fountain,Keith Ryu,https://www.linkedin.com/in/kibaekr/
MicroHealth,SUMMER 2015,Digital hematology,https://www.ycombinator.com/companies/microhealth,"Marc Lara, Miguel Lara",http://linkedin.com/in/mlara1/en
Zeplin,SUMMER 2015,Deliver on the Promise of Design,https://www.ycombinator.com/companies/zeplin,"Ismail Ceylan, Merih Akar, Pelin Kenez, Berk Çebi","https://www.linkedin.com/in/ceylanismail/, https://www.linkedin.com/in/merihakar/, https://www.linkedin.com/in/pelinkenez, https://www.linkedin.com/in/berkcebi/"
Markhor,SUMMER 2015,Markhor is a DTC company that works with craftsmen to make shoes and…,https://www.ycombinator.com/companies/markhor,"Sidra Qasim, Waqas Ali","http://linkedin.com/in/sidraqasim, http://linkedin.com/in/waqasaday"
Circle Medical,SUMMER 2015,Modern primary care via video and in-person,https://www.ycombinator.com/companies/circle-medical,"JS Boulanger, George Favvas, Brent LaRue","https://www.linkedin.com/in/jsboulanger, https://www.linkedin.com/in/georgefavvas, https://www.linkedin.com/in/laruebrent"
GiveCampus,SUMMER 2015,The fundraising platform for schools.,https://www.ycombinator.com/companies/givecampus,"Michael Kong, Kestrel Linder",
Drip Capital,SUMMER 2015,Digital trade financing for small businesses,https://www.ycombinator.com/companies/drip-capital,Pushkar Mukewar,
Chaldal,SUMMER 2015,,https://www.ycombinator.com/companies/chaldal,"Waseem Alim, Zia Ashraf, Tejas Viswanath","https://www.linkedin.com/in/zia-ashraf/, https://www.linkedin.com/in/tejas-viswanath"
Clerky,SUMMER 2011,Makes legal paperwork easy for startups and their attorneys.,https://www.ycombinator.com/companies/clerky,"Chris Field, Darby Wong","https://www.linkedin.com/in/fieldchris, https://www.linkedin.com/in/darbywong/"
Bodyport,SUMMER 2015,Predicting and preventing heart disease.,https://www.ycombinator.com/companies/bodyport,"Corey Centen, Sarah Smith","http://ca.linkedin.com/in/coreycenten/, https://www.linkedin.com/in/sarahannsmith"
Verge Genomics,SUMMER 2015,We use human data and AI to develop better drugs faster.,https://www.ycombinator.com/companies/verge-genomics,Alice Zhang,
Thrive Agritech,SUMMER 2015,We design and manufacture energy efficient LED lighting fixtures for…,https://www.ycombinator.com/companies/thrive-agritech,Brian Bennett,
Tesorio,SUMMER 2015,Tesorio is the cash flow performance platform that helps finance…,https://www.ycombinator.com/companies/tesorio,"Fabio Fleitas, Carlos Vega",http://www.linkedin.com/in/fabiofleitas
AgileMD,SUMMER 2011,Predictive analytics and clinical pathways for hospitals,https://www.ycombinator.com/companies/agilemd,Borna Safabakhsh,https://www.linkedin.com/in/bornas/
Reach Labs,SUMMER 2015,"Long range, wireless energy distribution that scales",https://www.ycombinator.com/companies/reach-labs,Christopher Davlantes,https://www.linkedin.com/in/chrisdavlantes/en
SunFarmer,SUMMER 2015,Reliable and affordable solar energy in developing countries.,https://www.ycombinator.com/companies/sunfarmer,"Jason Gray, Andy Moon","https://www.linkedin.com/in/jasondgray, https://www.linkedin.com/in/andymoonfuture/"
Confident LIMS,SUMMER 2015,Laboratory Information Management System (LIMS) serving…,https://www.ycombinator.com/companies/confident-lims,Steve Albarran,https://www.linkedin.com/in/steve-albarran/
Branch8,SUMMER 2015,Branch8 helps sellers to list and manage products on e-commerce…,https://www.ycombinator.com/companies/branch8,Matt Li,
Heroic Labs,SUMMER 2015,"Social Infrastructure for Games; Makers of Nakama game server, Satori…",https://www.ycombinator.com/companies/heroic-labs,"Mo Firouz, Andrei Mihu, Chris Molozian","http://uk.linkedin.com/in/mofirouz, http://uk.linkedin.com/in/andreimihu, https://uk.linkedin.com/in/chrismolozian"
SnapMagic,SUMMER 2015,AI copilot for electronics design,https://www.ycombinator.com/companies/snapmagic,Natasha Baker,https://www.linkedin.com/in/natashaabaker
Scope AR,SUMMER 2015,Scope AR is the leading provider of User Guided Augmented Reality…,https://www.ycombinator.com/companies/scope-ar,"Scott Montgomerie, David Nedohin","http://www.linkedin.com/in/scottmontgomerie/en, https://www.ca.linkedin.com/in/davidnedohin"
PartnerStack,SUMMER 2015,PartnerStack is a full stack solution for partnerships.,https://www.ycombinator.com/companies/partnerstack,"Neil Chudleigh, Bryn Jones, Jonathan Mendes, Luke Swanek","https://www.linkedin.com/in/neilchudleigh, https://ca.linkedin.com/in/jonathanmendes, http://ca.linkedin.com/in/lswanek/"
Assembly,SUMMER 2015,Advanced manufacturing and distribution solutions (for China-based…,https://www.ycombinator.com/companies/assembly,Jonathan Friedman,https://linkedin.com/in/friedparts
Gemnote,SUMMER 2015,"Gemnote is the easiest way to design, create and send custom products.",https://www.ycombinator.com/companies/gemnote,Ashley Wong,
New Story,SUMMER 2015,We pioneer solutions to end the global housing crisis by empowering…,https://www.ycombinator.com/companies/new-story,"Brett Hagler, Matthew Marshall","http://www.linkedin.com/in/rbhagler/, http://linkedin.com/in/jamesmatthewmarshall"
Ironclad,SUMMER 2015,Digital contracting platform for legal teams.,https://www.ycombinator.com/companies/ironclad,"Jason Boehmig, Cai GoGwilt",http://www.linkedin.com/in/jboehmig
Leaders In Tech (formerly InnerSpace),SUMMER 2015,"Helping founders improve themselves, their companies, and the world.",https://www.ycombinator.com/companies/leaders-in-tech,"Joe Greenstein, Semira Rahemtulla","http://linkedin.com/in/joegreenstein, https://www.linkedin.com/in/semira"
teaBOT,SUMMER 2015,A robot that makes tea!,https://www.ycombinator.com/companies/teabot,Rehman Merali,https://www.linkedin.com/in/rehmanmerali
Teleport,SUMMER 2015,"The easiest, most secure way to access all your infrastructure",https://www.ycombinator.com/companies/teleport,"Alexander Klizhentas, Ev Kontsevoy, Taylor Wakefield","https://www.linkedin.com/in/kontsevoy/, https://www.linkedin.com/in/taylorwakefield/"
Lugg,SUMMER 2015,"Move anything, anytime, anywhere",https://www.ycombinator.com/companies/lugg,"Jordan Brown, Eric Kreutzer",https://www.linkedin.com/in/eric-kreutzer
Shasqi,WINTER 2015,Targeting Cancer with Click Chemistry,https://www.ycombinator.com/companies/shasqi,Jose M. Mejia Oneto,http://www.linkedin.com/in/joseperu/
Mashgin,WINTER 2015,Self-Checkout using Computer Vision.,https://www.ycombinator.com/companies/mashgin,"Mukul Dhankhar, Abhinai Srivastava","https://linkedin.com/in/mdhankhar, https://www.linkedin.com/in/abhinai"
NimbleRx,WINTER 2015,On-demand prescription delivery.,https://www.ycombinator.com/companies/nimblerx,Talha Sattar,
Quartzy,SUMMER 2011,Marketplace for life science supplies.,https://www.ycombinator.com/companies/quartzy,"Adam Regelmann, Jayant Kulkarni","https://www.linkedin.com/in/adam-r-7189a67/, https://www.linkedin.com/in/jayantekulkarni/"
Replika,WINTER 2015,Replika is an AI friend that you can talk to designed to make you…,https://www.ycombinator.com/companies/replika,Eugenia Kuyda,https://www.linkedin.com/in/eugenia-kuyda-638a8a1b/
Tara AI,WINTER 2015,"Meet Tara AI, your new engineering efficiency co-pilot.",https://www.ycombinator.com/companies/tara-ai,"Syed Ahmed, Iba Masood","https://www.linkedin.com/in/syedahmedz/, https://www.linkedin.com/in/ibamasood"
Flip,WINTER 2015,Community-driven marketplace for sneakers.,https://www.ycombinator.com/companies/flip,Kemar Newell,https://www.linkedin.com/in/kemarnewell/
X-Zell,WINTER 2015,"Early, pain-free cancer detection.",https://www.ycombinator.com/companies/x-zell,"Sebastian Punyaratabandhu Bhakdi, Prapat Suriyaphol",
Zenflow,WINTER 2015,"Medical device that provides a more effective, less invasive…",https://www.ycombinator.com/companies/zenflow,Shreya Mehta,
Tab,WINTER 2015,"Revolutionising the way travellers discover, plan and book a trip",https://www.ycombinator.com/companies/tab,Mark Datta,http://uk.linkedin.com/in/markdatta
Priime,WINTER 2015,Priime is a company dedicated to advancements in technology around…,https://www.ycombinator.com/companies/priime,"Arthur Chang, Andrew Ng, Joe Pestro","https://www.linkedin.com/in/arthurchang, https://www.linkedin.com/in/andrewng, http://linkedin.com/in/joepestro"
Streak,SUMMER 2011,Streak transforms Gmail into a powerful CRM,https://www.ycombinator.com/companies/streak,Aleem Mawani,https://www.linkedin.com/in/aleemmawani/
Meadow,WINTER 2015,Point of Sale and Compliance SaaS for Cannabis Dispensaries,https://www.ycombinator.com/companies/meadow,"Rick Harrison, David Hua, Scott A Garman, Harrison Lee","https://www.linkedin.com/in/rickharrison/, https://www.linkedin.com/in/davidhua, https://www.linkedin.com/in/harrisonrlee"
Level Frames,WINTER 2015,Software eats custom framing,https://www.ycombinator.com/companies/level-frames,"Josh Hubball, Damian Sowers",https://www.linkedin.com/in/joshhubball
Industrial Microbes,WINTER 2015,We design and build microbes to make chemicals greener at lower cost.,https://www.ycombinator.com/companies/industrial-microbes,"Liz Clarke, Derek Greenfield, Noah Helman",https://www.linkedin.com/in/elizabethclarke
Giveffect,WINTER 2015,"Fundraising, Volunteer and Donor Management SaaS for nonprofits.",https://www.ycombinator.com/companies/giveffect,"Allan Shin, Kevin Shin","http://www.linkedin.com/in/allanshin, https://www.linkedin.com/in/kevinshinobi"
eBrandvalue,WINTER 2015,Real-time Nielsen ratings for Brands.Accelerate marketing and product…,https://www.ycombinator.com/companies/ebrandvalue,"Ayse Akcura, Tolga Akçura",
Quantierra,WINTER 2015,Sourcing investment real estate,https://www.ycombinator.com/companies/quantierra,Sandip Trivedi,https://linkedin.com/in/sandiptrivedi
Cleanly,WINTER 2015,Laundry & Dry Cleaning delivered.,https://www.ycombinator.com/companies/cleanly,"Chen Atlas, Itay Forer, Tom Harari","http://www.linkedin.com/in/atlaschen, https://www.linkedin.com/in/itayforer, http://www.linkedin.com/in/tomharari/"
Resolve,WINTER 2015,"VR simulations for operations, maintenance and construction teams.",https://www.ycombinator.com/companies/resolve,"Angel Alonso Say, Russell Varriale","https://www.linkedin.com/in/sayangel, https://www.linkedin.com/in/russellvarriale"
Makrwatch,WINTER 2015,Scale new user acquisition with YouTube Creators,https://www.ycombinator.com/companies/makrwatch,"Andres Felipe Diaz, Carlos Saavedra","http://linkedin.com/in/andresthegeek/, https://www.linkedin.com/in/carlosaave"
TeamNote,WINTER 2015,Mobile Productivity(Slack for mobile workforces),https://www.ycombinator.com/companies/teamnote,"Roy Law, Ming Lo, Jon Yip",http://hk.linkedin.com/in/loming/
Tempo,WINTER 2015,Live home fitness training powered by computer vision.,https://www.ycombinator.com/companies/tempo,,
SIRUM,WINTER 2015,SIRUM is a “match.com” for unused medicine. We connect institutional…,https://www.ycombinator.com/companies/sirum,,
Sails Co.,WINTER 2015,"Full-service web, mobile, & cloud studio providing professional…",https://www.ycombinator.com/companies/sails-co,"Mike McNeil, Scott Gress, Cody Stoltman","https://www.linkedin.com/in/mikermcneil, http://www.linkedin.com/in/scottgress/, http://www.linkedin.com/in/codystoltman/"
ReadMe,WINTER 2015,"Beautiful, personalized, interactive developer hubs",https://www.ycombinator.com/companies/readme,Gregory Koberger,http://linkedin.com/in/gkoberger
BuildScience,WINTER 2015,The operating system for commercial buildings.,https://www.ycombinator.com/companies/buildscience,Ritesh Patel,https://www.linkedin.com/in/xitijpatel/
Platzi,WINTER 2015,Latin America's School of Technology,https://www.ycombinator.com/companies/platzi,"Christian Van Der Henst, Freddy Vega","https://www.linkedin.com/in/cvander, https://www.linkedin.com/in/johnfreddyvega"
Labdoor,WINTER 2015,Labdoor is building the trusted online drugstore.,https://www.ycombinator.com/companies/labdoor,"Rafael Ferreira, Helton Souza, Neil Thanedar","https://www.linkedin.com/in/rafafferreira, https://www.linkedin.com/in/heltonsouza, https://www.linkedin.com/in/thanedar"
GiveMeTap,WINTER 2015,We produce & sell stainless steel water bottles that enables people…,https://www.ycombinator.com/companies/givemetap,Edwin Broni-Mensah,https://www.linkedin.com/in/ebronimensah
Bankjoy,WINTER 2015,An end-to-end digital banking solution for banks and credit unions,https://www.ycombinator.com/companies/bankjoy,Mike Duncan,https://www.linkedin.com/in/HelloMike
Zeitview,WINTER 2015,Inspection software for renewable energy & sustainable infrastructure,https://www.ycombinator.com/companies/zeitview,Dan Burton,
The Human Utility,WINTER 2015,The Human Utility seeks to eliminate water service disconnections for…,https://www.ycombinator.com/companies/the-human-utility,Tiffani Ashley Bell,http://www.linkedin.com/in/tiffani
Democracy Earth,WINTER 2015,Censorship resistant democracies.,https://www.ycombinator.com/companies/democracy-earth,"Pia Mancini, Santiago Siri, Guido Vilariño","https://www.linkedin.com/in/piamancini, http://ar.linkedin.com/in/santisiri, https://www.linkedin.com/in/gvilarino"
OneSignal,SUMMER 2011,Engage customers through personalized omni-channel messaging,https://www.ycombinator.com/companies/onesignal,"George Deglin, Long Vo","https://www.linkedin.com/in/gdeglin, https://www.linkedin.com/in/longvo/"
Atomwise,WINTER 2015,Artificial intelligence for drug discovery.,https://www.ycombinator.com/companies/atomwise,"Abraham Heifets, Izhar Wallach",https://www.linkedin.com/in/abrahamheifets/
Bright,WINTER 2015,Sunrun for the developing world,https://www.ycombinator.com/companies/bright,Jonah Greenberger,http://www.linkedin.com/in/jonahgreenberger/
Magic,WINTER 2015,Extremely talented assistants for busy people,https://www.ycombinator.com/companies/magic,,
Mezmo,WINTER 2015,Observability platform to control all of your log data,https://www.ycombinator.com/companies/mezmo,,
Akido Labs,WINTER 2015,Rebuilding healthcare with AI at the core,https://www.ycombinator.com/companies/akido-labs,,
Qventus,WINTER 2015,We automate operations for hospitals and health systems,https://www.ycombinator.com/companies/qventus,,
Bayes Impact,SUMMER 2014,Tech nonprofit building the future of public services.,https://www.ycombinator.com/companies/bayes-impact,,
Helion Energy,SUMMER 2014,Building the world's first fusion power plant,https://www.ycombinator.com/companies/helion-energy,"David Kirtley, Chris Pihl","https://www.linkedin.com/in/david-kirtley-490b8230/, https://www.linkedin.com/in/chris-pihl-4a84b1a/"
HackerRank,SUMMER 2011,Change the world to value skills over pedigree,https://www.ycombinator.com/companies/hackerrank,"Vivek Ravisankar, Harishankaran",https://www.linkedin.com/in/vivekravisankar
Front,SUMMER 2014,Customer communications hub for building strong relationships,https://www.ycombinator.com/companies/front,"Mathilde Collin, Laurent Perrin","https://www.linkedin.com/in/mathilde-collin-bb59492a/en/, https://www.linkedin.com/in/laurent-perrin-9199505/"
Apollo,SUMMER 2011,Apollo helps engineering teams accelerate delivery,https://www.ycombinator.com/companies/apollo,"matt debergalis, Nick Martin, Geoff Schmidt",https://www.linkedin.com/in/gschmidt/
Roomstorm,SUMMER 2014,Real time B2B hotel room marketplace for various industries…,https://www.ycombinator.com/companies/roomstorm,Maksim Izmaylov,https://linkedin.com/in/maksimizmaylov
Hive,SUMMER 2014,"Marketing automation for event promoters (email, sms, ads, CRM)",https://www.ycombinator.com/companies/hive,"Patrick Hannigan, Ian Roberts",https://www.linkedin.com/in/patrickhannigan/
Tenjin,SUMMER 2014,Mobile marketing analytics and infrastructure,https://www.ycombinator.com/companies/tenjin,"Christopher Farm, Amir Manji","https://www.linkedin.com/in/christopherfarm, https://www.linkedin.com/in/amirmanji"
SpotAngels,SUMMER 2014,Waze for parking,https://www.ycombinator.com/companies/spotangels,"Thomas Cottin, Aboud Jardaneh",https://www.linkedin.com/in/aboud-jardaneh-9751b9a
UserGems,SUMMER 2014,AI-powered sales solution based on your best customers,https://www.ycombinator.com/companies/usergems,"Christian Kletzl, Stephan Kletzl","https://www.linkedin.com/in/christiankletzl, https://www.linkedin.com/in/stephankletzl"
SFOX,SUMMER 2014,Crypto-currency trading platform.,https://www.ycombinator.com/companies/sfox,"George Melika, Akbar Thobhani","https://linkedin.com/in/gmelika, https://www.linkedin.com/in/akbart"
PicnicHealth,SUMMER 2014,Empowering Patients for Deep Real World Data,https://www.ycombinator.com/companies/picnichealth,"Troy Astorino, Noga Leviner","https://www.linkedin.com/in/troyastorino, https://www.linkedin.com/in/nogaleviner"
Permutive,SUMMER 2014,Rebuilding data in advertising to protect privacy,https://www.ycombinator.com/companies/permutive,"Joe Root, Tim Spratt","https://www.linkedin.com/in/josephsroot, https://linkedin.com/in/timothyspratt"
Alchemy,SUMMER 2014,Nanotechnology-enabled coatings for automotive and defence sectors,https://www.ycombinator.com/companies/alchemy,"Khanjan Desai, Chong Shen","https://www.linkedin.com/in/khanjandesai/, https://www.linkedin.com/in/chongshen/"
MTailor,SUMMER 2014,Get measured by your phone in under 30 seconds for perfect fitting…,https://www.ycombinator.com/companies/mtailor,Miles Penn,
MetricWire,SUMMER 2014,Mobile surveys for researchers,https://www.ycombinator.com/companies/metricwire,"Charles Desouza, Brian Stewart",
Protocol Labs,SUMMER 2014,"Protocol Labs makes internet protocols: IPFS, Filecoin, and more.",https://www.ycombinator.com/companies/protocol-labs,Juan Benet,https://www.linkedin.com/in/jbenetcs/
Greentoe,SUMMER 2014,"""Name Your Price"" for products",https://www.ycombinator.com/companies/greentoe,Andrew Kurland,https://www.linkedin.com/in/andrewkurland
Hyperpad,SUMMER 2014,"Create, Share, Play Mobile Games on the iPad.",https://www.ycombinator.com/companies/hyperpad,"Hamed Saadat, Murtaza Saadat","https://linkedin.com/in/hsaadat, https://www.linkedin.com/in/msaadat"
Flaviar,SUMMER 2014,Try-at-home service for fine spirits,https://www.ycombinator.com/companies/flaviar,"Jugoslav Petkovic, Matija Rijavec, Grisa Soba","https://www.linkedin.com/in/jugoslav, https://www.linkedin.com/in/matijarijavec/, https://www.linkedin.com/in/grisasoba"
Clear,SUMMER 2014,"Fintech SaaS platform for invoices, taxes, wealth management & credit.",https://www.ycombinator.com/companies/cleartax,"Srivatsan Chari, Archit Gupta, Ankit Solanki","https://www.linkedin.com/in/architgupta, https://in.linkedin.com/in/ankitsolanki"
Billforward,SUMMER 2014,"Subscription billing, rate plan management and analytics as a…",https://www.ycombinator.com/companies/billforward,Aubone Tennant,https://www.linkedin.com/in/aubonetennant
Backpack,SUMMER 2014,Marketplace to get stuff from overseas,https://www.ycombinator.com/companies/backpack,Fahim Aziz,https://www.linkedin.com/in/fahimmaziz
Aptible,SUMMER 2014,The No Infrastructure Platform as a Service,https://www.ycombinator.com/companies/aptible,"Chas Ballew, Frank Macreery","https://www.linkedin.com/in/chasballew/, https://www.linkedin.com/in/fancyremarker"
Immunity Project,WINTER 2014,The free HIV vaccine.,https://www.ycombinator.com/companies/immunity-project,"Ian Cinnamon, Naveen Jain, Reid Rubsamen","http://linkedin.com/in/iancinnamon, https://www.linkedin.com/in/naveenkjain, https://www.linkedin.com/in/reidrubsamenmd"
Dyspatch,WINTER 2014,Two products to help everyone email better. Dyspatch.io - Email…,https://www.ycombinator.com/companies/dyspatch,Matt Harris,https://www.linkedin.com/in/harrismc
OpenCurriculum,WINTER 2014,Helping K-12 teachers and school administrators build awesome…,https://www.ycombinator.com/companies/opencurriculum,Varun Arora,
MixerBox,WINTER 2014,AI Super-Apps to Live Easier | The anything anytime superapps…,https://www.ycombinator.com/companies/mixerbox,John Lai,https://www.linkedin.com/in/johnlai1/
Unbabel,WINTER 2014,AI-powered Language Operations platform,https://www.ycombinator.com/companies/unbabel,"João Graça, Vasco Pedro, Bruno Prezado Silva, Hugo Silva","https://www.linkedin.com/in/joao-v-graca, https://www.linkedin.com/in/vascopedro/, https://www.linkedin.com/in/bruno-prezado-silva-b26a028/"
Y Combinator,,Not your average fixed point combinator.,https://www.ycombinator.com/companies/y-combinator,"Paul Graham, Jessica Livingston",https://www.linkedin.com/in/jessicalivingston1
GBatteries,WINTER 2014,Enabling li-ion batteries to charge ultra fast without compromising…,https://www.ycombinator.com/companies/gbatteries,"Tim Sherstyuk, Nick Sherstyuk",https://www.linkedin.com/in/timsherstyuk
Zinc,WINTER 2014,The secret backbone of e-commerce.,https://www.ycombinator.com/companies/zinc,"Doug Feigelson, John Wang","https://www.linkedin.com/in/doug-feigelson-95371825, https://www.linkedin.com/in/johnjianwang"
Zidisha,WINTER 2014,Direct P2P lending across the international wealth divide.,https://www.ycombinator.com/companies/zidisha,Julia Kurnia,https://www.linkedin.com/in/juliakurnia
TrueVault,WINTER 2014,We make Privacy Software for SMBs.,https://www.ycombinator.com/companies/truevault,Jason Wang,https://www.linkedin.com/in/jasonwang
Guesty,WINTER 2014,The management platform for the short term rental industry.,https://www.ycombinator.com/companies/guesty,"Amiad Soto, Koby Soto","https://www.linkedin.com/in/amiadsoto, https://linkedin.com/in/kobysoto"
Snapdocs,WINTER 2014,digital mortgage closing,https://www.ycombinator.com/companies/snapdocs,Aaron King,https://www.linkedin.com/in/aaronwking
Medmonk,WINTER 2012,A tool for pharmacists to find funding for patients who are unable to…,https://www.ycombinator.com/companies/medmonk,"Abbas Mehdi, Somaira Punjwani","https://www.linkedin.com/in/amehdi, https://www.linkedin.com/in/somaira-punjwani-68b80816"
Shoobs,WINTER 2014,We help you find and book tickets to great entertainment events that…,https://www.ycombinator.com/companies/shoobs,Louise Broni-Mensah,https://www.linkedin.com/in/louisebronimensah/
Pushbullet,WINTER 2014,Push things to your other things.,https://www.ycombinator.com/companies/pushbullet,"Christopher Hesse, Ryan Oldenburg, Andre von Houck","https://www.linkedin.com/in/christopher-hesse-861a249, https://www.linkedin.com/in/ryan-oldenburg-70661694, https://www.linkedin.com/in/andrevonhouck"
Povio,WINTER 2014,Engineering and Design that Fuels Startup Success,https://www.ycombinator.com/companies/povio,Matevž Petek,https://www.linkedin.com/in/matevzpetek
PiinPoint,WINTER 2014,PiinPoint helps businesses find the best locations for growth,https://www.ycombinator.com/companies/piinpoint,"Jim Robeson, Adam Saunders",https://www.linkedin.com/in/adamrsaunders/
One Degree,WINTER 2014,One Degree is a nonprofit organization that makes it easy for…,https://www.ycombinator.com/companies/one-degree,Rey Faustino,https://www.linkedin.com/in/reyfaustino/
MBX,WINTER 2014,A global multi-brand beauty and personal care startup.,https://www.ycombinator.com/companies/mbx,Hyungseok (Dino) Ha,https://www.linkedin.com/in/hyungseok-dino-ha-32579221/
Emailio,WINTER 2014,Email built for wellness,https://www.ycombinator.com/companies/emailio,"Martin Stoyanov, Teo Teodosiev",https://www.linkedin.com/in/teodosiev/
DevCycle,WINTER 2014,Feature Flag Management Built for Developers,https://www.ycombinator.com/companies/devcycle,"Andrew Norris, Jonathan Norris, Cobi Druxerman","https://www.linkedin.com/in/andrewsnorris/, https://www.linkedin.com/in/jonathantnorris, https://www.linkedin.com/in/druxerman/"
Axoni,WINTER 2014,Axoni is building the next generation of capital markets technology,https://www.ycombinator.com/companies/axoni,"Greg Schvey, Jeffrey Schvey",https://www.linkedin.com/in/jeffschvey/
CodeNow,WINTER 2014,Our mission is to diversify the talent pipeline of students who…,https://www.ycombinator.com/companies/codenow,Ryan Seashore,https://www.linkedin.com/in/seashore/
CodeCombat,WINTER 2014,Game that teaches computer science to middle and high school kids.,https://www.ycombinator.com/companies/codecombat,Nick Winter,http://linkedin.com/in/nwinter
Noora Health,WINTER 2014,Training patients and their families with health skills,https://www.ycombinator.com/companies/noora-health,Edith Elliott,https://www.linkedin.com/in/edith-elliott-633b7a37/
Cambly,WINTER 2014,On-demand access to English tutors over video chat.,https://www.ycombinator.com/companies/cambly,"Kevin Law, Sameer Shariff",https://www.linkedin.com/in/kevin-law-4b526525
AptDeco,WINTER 2014,AptDeco is the easiest way to buy and sell used furniture,https://www.ycombinator.com/companies/aptdeco,"Reham Fagiri, kalam dennis","https://www.linkedin.com/in/reham-fagiri-97683b1, https://www.linkedin.com/in/kalam-dennis-641a7120"
CareMessage,WINTER 2014,Patient engagement for low-income populations,https://www.ycombinator.com/companies/caremessage,"Cecilia Corral, Vineet Singal","https://www.linkedin.com/in/ceciliacorral, https://www.linkedin.com/in/vineetsingal/"
Ambition,WINTER 2014,Coaching and gamification software for sales teams.,https://www.ycombinator.com/companies/ambition,,
AirHelp,WINTER 2014,"AirHelp helps air passengers get compensation for delayed, cancelled…",https://www.ycombinator.com/companies/airhelp,Henrik Zillmer,https://www.linkedin.com/in/zillmer
42,WINTER 2014,Analytics stack for omnichannel retailers and brands,https://www.ycombinator.com/companies/42,Nick Porter,https://www.linkedin.com/in/nicolasporter
True Link,SUMMER 2013,Financial Services for Financial Caregivers.,https://www.ycombinator.com/companies/true-link,"Claire McDonnell, Kai Stinchcombe","https://www.linkedin.com/in/clairemcdonnell/, https://www.linkedin.com/in/kaistinchcombe"
Reebee,SUMMER 2013,Flyer app.,https://www.ycombinator.com/companies/reebee,"Tobiasz Dankiewicz, Michal Martyniak",https://linkedin.com/in/tobiaszdankiewicz
Lob,SUMMER 2013,Lob is the only automation platform that transforms direct mail into…,https://www.ycombinator.com/companies/lob,Harry Zhang,
Panorama Education,SUMMER 2013,Improving education for every student.,https://www.ycombinator.com/companies/panorama-education,Aaron Feuer,https://www.linkedin.com/in/aaronfeuer
Cratejoy,SUMMER 2013,Cratejoy is the platform for subscriptions,https://www.ycombinator.com/companies/cratejoy,Amir Elaguizy,https://www.linkedin.com/in/amirelaguizy/
"Estimote, Inc.",SUMMER 2013,Location intelligence platform,https://www.ycombinator.com/companies/estimote-inc,"Lukasz Kostka, Jakub Krzych","https://www.linkedin.com/in/lukaszkostka/, https://www.linkedin.com/in/krzych"
EasyPost,SUMMER 2013,The shipping infrastructure of the internet.,https://www.ycombinator.com/companies/easypost,Jarrett Streebin,https://www.linkedin.com/in/jstreebin
Asseta,SUMMER 2013,Marketplace for industrial spare parts and capital equipment.,https://www.ycombinator.com/companies/asseta,Garrett Beck,https://www.linkedin.com/in/garrett-beck-22022521/
Per Vices,WINTER 2012,Building Mission Critical Software Defined Radio products.,https://www.ycombinator.com/companies/per-vices,"Victor Wollesen, Brandon Malatest",
7cups,SUMMER 2013,7 Cups is an emotional support service that matches up people that…,https://www.ycombinator.com/companies/7cups,Glen Moriarty,
Watsi,WINTER 2013,Watsi is the first global crowdfunding platform for medical…,https://www.ycombinator.com/companies/watsi,"Chase Adam, Grace Garey","https://www.linkedin.com/in/chaseadam17, https://www.linkedin.com/in/gracegarey"
Goldbelly,WINTER 2013,Empowering restaurants and small food makers to ship nationwide.,https://www.ycombinator.com/companies/goldbelly,"Joe Ariel, Joel Gillman, Trevor Stow, Vanessa Torrivilla","https://www.linkedin.com/in/joeariel, https://www.linkedin.com/in/joelgillman/, https://www.linkedin.com/in/trevor-stow-6984394, https://www.linkedin.com/in/vanessatorrivilla"
Wevorce,WINTER 2013,Changing divorce for good by making it a way less horrible experience…,https://www.ycombinator.com/companies/wevorce,Michelle Crosby,https://www.linkedin.com/in/michelle-crosby-93508a6
Wefunder,WINTER 2013,We're Robinhood for pre-IPO startups. Everyone can invest $100.,https://www.ycombinator.com/companies/wefunder,"Nick Tommarello, Greg Belote","https://www.linkedin.com/in/nicktommarello/, https://www.linkedin.com/in/gregbelote/"
SimplyInsured,WINTER 2013,We sell health insurance to small businesses 100% online.,https://www.ycombinator.com/companies/simplyinsured,Vivek Shah,https://www.linkedin.com/in/vivekajayshah
CircuitHub,WINTER 2012,On-Demand Electronics Manufacturing,https://www.ycombinator.com/companies/circuithub,Andrew Seddon,https://www.linkedin.com/in/seddonandrew/
Experiment,WINTER 2013,crowdfunding platform for science,https://www.ycombinator.com/companies/experiment,Denny Luan,https://www.linkedin.com/in/denny-luan-8189b726/
RADAR,WINTER 2013,RADAR is building technology to completely transform the in-store…,https://www.ycombinator.com/companies/radar,Spencer Hewett,https://www.linkedin.com/in/spencerhewett
Lollipuff,WINTER 2013,Online Auctions for Authentic (Women's) Designer Goods,https://www.ycombinator.com/companies/lollipuff,Fei Deyle,https://www.linkedin.com/in/fei-deyle-14152910
Strikingly,WINTER 2013,"The easiest way to create a beautiful, mobile optimized website.",https://www.ycombinator.com/companies/strikingly,"Teng Bao, Dafeng Guo, David Haisha Chen","https://www.linkedin.com/in/tengbao, https://linkedin.com/in/dfguo, https://www.linkedin.com/in/haishachen"
InfluxData,WINTER 2013,The platform for building and operating time series applications.,https://www.ycombinator.com/companies/influxdata,Paul Dix,https://www.linkedin.com/in/pauldix/
Etleap,WINTER 2013,Etleap is an ETL solution for creating perfect data pipelines.,https://www.ycombinator.com/companies/etleap,Christian Romming,https://www.linkedin.com/in/cromming
Cheetah,WINTER 2013,"Fastest, easiest, and most affordable way for small business owners…",https://www.ycombinator.com/companies/cheetah,Na'ama Moran,https://www.linkedin.com/in/naamamoran/
Lawdingo,WINTER 2013,Lawdingo provides virtual paralegal services to law firms.,https://www.ycombinator.com/companies/lawdingo,Nikhil Nirmel,https://linkedin.com/in/nikhilnirmel
Padlet,WINTER 2013,Papyrus → Parchment → Paper → Padlet,https://www.ycombinator.com/companies/padlet,Nitesh Goel,https://www.linkedin.com/in/doodlebug
BuildZoom,WINTER 2013,BuildZoom is a better way to remodel. We connect homeowners to the…,https://www.ycombinator.com/companies/buildzoom,"David Petersen, Jiyan Wei","https://www.linkedin.com/in/davidcpetersen, https://www.linkedin.com/in/jiyanwei"
CircuitLab,WINTER 2013,Online circuit simulator and electronic schematic editor.,https://www.ycombinator.com/companies/circuitlab,"Humberto Evans, Mike Robbins","https://www.linkedin.com/in/humbertoevans, https://www.linkedin.com/in/compumike"
StyleUp,WINTER 2013,"StyleUp brings effortless joy to getting dressed with daily,…",https://www.ycombinator.com/companies/styleup,Ryan Choi,https://www.linkedin.com/in/ryankicks
9gag,SUMMER 2012,Make the world happier.,https://www.ycombinator.com/companies/9gag,"Chris Chan, Derek Chan, Ray Chan, Marco Fung, Brian Yu","https://linkedin.com/in/raychan, https://www.linkedin.com/in/barelyanything/"
Svbtle,SUMMER 2012,A publishing platform.,https://www.ycombinator.com/companies/svbtle,Dustin Curtis,
Plivo,SUMMER 2012,"AI Agents for customer engagement on WhatsApp, Voice, Chat & SMS.",https://www.ycombinator.com/companies/plivo,"Venky B, Michael Ricordeau","https://linkedin.com/in/bevenky, https://www.linkedin.com/in/michaelricordeau/"
Double Robotics,SUMMER 2012,Telepresence robots,https://www.ycombinator.com/companies/double-robotics,"David Cann, Marc DeVidts","https://www.linkedin.com/in/davidjcann, https://www.linkedin.com/in/marcdevidts"
Vastrm,SUMMER 2012,Mass customized active apparel. We are building a full turn key…,https://www.ycombinator.com/companies/vastrm,Jonathan Tang,https://www.linkedin.com/in/jonathantang/
Flightfox,SUMMER 2012,"A platform to plan, book and manage global and group travel.",https://www.ycombinator.com/companies/flightfox,"Todd Sullivan, Lauren Sullivan","https://www.linkedin.com/in/todsul/, https://www.linkedin.com/in/lozsul/"
BackerKit,SUMMER 2012,The only end-to-end crowdfunding platform built for today’s creators,https://www.ycombinator.com/companies/backerkit,"Maxwell Salzberg, Rosanna Yau","https://www.linkedin.com/in/maxwell-salzberg/, https://www.linkedin.com/in/rosannayau/"
Submittable,SUMMER 2012,"The best way to launch, manage and measure social impact programs",https://www.ycombinator.com/companies/submittable,"Michael FitzGerald, John Brownell, Bruce Tribbensee",
NewsBlur,SUMMER 2012,NewsBlur is a personalized news reader,https://www.ycombinator.com/companies/newsblur,Samuel Clay,https://www.linkedin.com/in/kathryn-minshew
OctaveWealth,SUMMER 2012,The 401(k) that helps you grow,https://www.ycombinator.com/companies/octavewealth,Rikin Shah,https://linkedin.com/in/rik1shah
Upwave,SUMMER 2012,Marketing analytics for the world's biggest brand marketers,https://www.ycombinator.com/companies/upwave,Chris Kelly,https://www.linkedin.com/in/christopherkelly
Eligible,SUMMER 2012,Insurance Billing APIs for Healthcare Businesses,https://www.ycombinator.com/companies/eligible,Katelyn Gleason,
FundersClub,SUMMER 2012,Online VC,https://www.ycombinator.com/companies/fundersclub,"Alex Mittal, Boris Silver","https://www.linkedin.com/in/alexandermittal/, https://www.linkedin.com/in/borismsilver/"
Zentail,SUMMER 2012,We're making ecommerce simple connecting brands with sales channels,https://www.ycombinator.com/companies/zentail,Dan Sugarman,https://www.linkedin.com/in/dansugarman/
Mattermost,SUMMER 2012,Secure Collaboration for Technical Teams,https://www.ycombinator.com/companies/mattermost,Ian Tien,https://www.linkedin.com/in/iantien/
HealthSherpa,SUMMER 2012,Private sector Healthcare.gov.,https://www.ycombinator.com/companies/healthsherpa,"George Kalogeropoulos, Ning Liang",https://linkedin.com/in/ningliang
Human Dx,SUMMER 2012,The Human Diagnosis Project.,https://www.ycombinator.com/companies/human-dx,"Jay Komarneni, Irving Lin",https://www.linkedin.com/in/irvinglin
Mth Sense,SUMMER 2012,We're a mobile on-device profiling and ad-serving platform initially…,https://www.ycombinator.com/companies/mth-sense,"Mandar Agte, Mohan Balachandran",
Rainforest,SUMMER 2012,no-code end-to-end testing that integrates with any CI/CD pipeline,https://www.ycombinator.com/companies/rainforest,"Russell Smith, Fred Stevens-Smith","https://linkedin.com/in/russellhowardsmith, https://www.linkedin.com/in/fredstevenssmith/"
Screenleap,WINTER 2012,One-click screen sharing with installation-free viewing on all devices,https://www.ycombinator.com/companies/screenleap-inc,Lawrence Gentilello,https://www.linkedin.com/in/gentilello
Buxfer,WINTER 2007,Buxfer helps you make better spending decisions by making it easy to…,https://www.ycombinator.com/companies/buxfer,"Amit Manjhi, Shashank Pandit","https://www.linkedin.com/in/amitmanjhi/, https://www.linkedin.com/in/shashankpandit"
Virtualmin,WINTER 2007,,https://www.ycombinator.com/companies/virtualmin,"Jamie Cameron, Joe Cooper",https://www.linkedin.com/in/jamiecameron2
Blue Frog Gaming,SUMMER 2007,,https://www.ycombinator.com/companies/blue-frog-gaming,Matt Maroon,https://www.linkedin.com/in/matthewmaroon
CleverDeck,WINTER 2012,Collaborate with an artist to commission original artwork you'll live…,https://www.ycombinator.com/companies/cleverdeck,Justin Cannon,
Shoptiques,WINTER 2012,Shoptiques.com lets you shop the world's best local boutiques online.,https://www.ycombinator.com/companies/shoptiques,"Peter Delahunty, Olga Vidisheva, Dan Morin, Jeff Morin","https://www.linkedin.com/in/peterdelahunty/, https://www.linkedin.com/in/olga-vidisheva/, https://www.linkedin.com/in/danielmorin, https://www.linkedin.com/in/jeffmorin"
Idler,SUMMER 2025,"AI employees that handle the work, so people can do the magic.",https://www.ycombinator.com/companies/idler,"Ivan Chub, Nalu Concepcion, Tony Goss","https://www.linkedin.com/in/ivanchub/, https://linkedin.com/in/nalu-concepcion/, https://www.linkedin.com/in/tony-goss-a53732132"
Perseus Defense,SUMMER 2025,Autonomous micro-missiles for Counter UxS.,https://www.ycombinator.com/companies/perseus-defense,"Jason Cornelius, Steve Messinger","https://www.linkedin.com/in/jason-k-cornelius/, https://www.linkedin.com/in/steve-messinger-a32680155/"
Cyberdesk,SUMMER 2025,Self hostable fleet of virtual desktops to build computer use agents,https://www.ycombinator.com/companies/cyberdesk,"Mahmoud Al-Madi, Alan Duong","https://www.linkedin.com/in/mahmoudalmadi/, https://linkedin.com/in/alanduong07"
Ninite,WINTER 2008,Simple third-party app patching and deployment for Windows.,https://www.ycombinator.com/companies/ninite,"Sascha Kuzins, Patrick Swieskowski",
Cohesive,SPRING 2025,The agentic CRM for blue-collar services,https://www.ycombinator.com/companies/cohesive,"Kevin Zhang, Nam Nguyen","https://www.linkedin.com/in/kevindzhang/, https://www.linkedin.com/in/nam-nguyen96/"
Docket,SPRING 2025,AI agents for web testing,https://www.ycombinator.com/companies/docket,"Nishant Hooda, Boris Skurikhin","https://linkedin.com/in/nishant-h, https://www.linkedin.com/in/boris-skurikhin/"
Daxa,SPRING 2025,An AI that watches how people use your product,https://www.ycombinator.com/companies/daxa,"Connor Engelsberg, Ananth Kashyap","https://www.linkedin.com/in/connor-engelsberg/, https://www.linkedin.com/in/ananth-kashyap/"
SAVA,SPRING 2025,Autonomous Factories for American Manufacturing,https://www.ycombinator.com/companies/sava,"Jakob Knudsen, Vedic Patel, Alessio Toniolo","https://www.linkedin.com/in/jakob-knudsen5/, https://www.linkedin.com/in/vedic-patel-539546238/, https://www.linkedin.com/in/alessiotoniolo/"
Godela,SPRING 2025,AI Physics Engine to replace simulations and prototypes,https://www.ycombinator.com/companies/godela,"Cinnamon Sipper, Abhijit Pranav Pamarty","https://www.linkedin.com/in/cinnamonsipper, https://www.linkedin.com/in/abhijit-pranav-pamarty-6b2453152/"
BitPatrol,SPRING 2025,AI-powered code security,https://www.ycombinator.com/companies/bitpatrol,Christopher Lambert,https://www.linkedin.com/in/~chris/
Aegis,SPRING 2025,AI Agents to win denied health insurance claims.,https://www.ycombinator.com/companies/aegis,"Krishang Todi, Aarav Bajaj, Dhanya Shah","https://www.linkedin.com/in/krishang-todi-a6525b135/?trk=opento_sprofile_details, https://www.linkedin.com/in/aarav-bajaj-408ab01b1/, https://www.linkedin.com/in/dhanya-shah-97878835b/"
Cascade Space,SPRING 2025,Deep space communications as a service,https://www.ycombinator.com/companies/cascade-space,"Jacob Portukalian, Arlen Abraham","https://www.linkedin.com/in/jacob-portukalian, https://www.linkedin.com/in/arlenabraham/"
Bond,SPRING 2025,"Building Donna, your AI Chief of Staff",https://www.ycombinator.com/companies/bond,"Chloe Samaha, Rene Sultan","https://linkedin.com/in/chloesamaha/, https://www.linkedin.com/in/renesultan/"
Blueshoe,SPRING 2025,The AI-native legal back office,https://www.ycombinator.com/companies/blueshoe,"Casey O'Grady, Kai Yee Wan","https://www.linkedin.com/in/casey-og, https://linkedin.com/in/kywan"
sieve,SPRING 2025,AI + human review to solve data cleaning - accessible via API or Excel,https://www.ycombinator.com/companies/usesieve,"Nicole Lu, Savannah Tynan","https://www.linkedin.com/in/lu-nicole/, https://www.linkedin.com/in/savannah-tynan-13272a157/"
Airweave,SPRING 2025,Open-Source Tool That Lets Agents Search Any App,https://www.ycombinator.com/companies/airweave,"Lennert Jansen, Rauf Akdemir","https://www.linkedin.com/in/lennertjansen, https://www.linkedin.com/in/orhan-rauf-akdemir/"
Theorem,SPRING 2025,Program verification so even your systems engineers can vibecode,https://www.ycombinator.com/companies/theorem-2,"Jason Gross, Rajashree Agrawal","https://www.linkedin.com/in/jason-gross-86b72125/, https://www.linkedin.com/in/rajashreeagrawal/"
text.ai,SPRING 2025,AI in your group chats,https://www.ycombinator.com/companies/text-ai,"Rushi Shah, Paras Maniar, Prahar Patel","https://www.linkedin.com/in/rushishah01/, https://www.linkedin.com/in/parasmaniar/, https://www.linkedin.com/in/prahar-patel"
StarSling,SPRING 2025,Cursor for DevOps,https://www.ycombinator.com/companies/starsling,"Yonas Beshawred, Daniel Worku","https://www.linkedin.com/in/yonas-beshawred/, https://www.linkedin.com/in/worku"
Wavedash,SPRING 2025,Play the latest games in your browser with no downloads,https://www.ycombinator.com/companies/wavedash,"Kyler Blue, Raymond (George) Kennedy, Matthew Portner","https://linkedin.com/in/kylerblue, https://www.linkedin.com/in/franzwarning/, https://www.linkedin.com/in/in-in-in/"
Cactus,SPRING 2025,AI copilot for solopreneurs,https://www.ycombinator.com/companies/oncactus,"Ajith Govind, Avinash Joshi","https://linkedin.com/in/ajith-govind, https://linkedin.com/in/joshi-avinash"
LineWise,SPRING 2025,AI Engineer to troubleshoot manufacturing line issues,https://www.ycombinator.com/companies/linewise,"Tanachart (James) Kujareevanich, Zhichu Ren, Wenbo Zhang","https://www.linkedin.com/in/tanachartkujareevanich/, https://www.linkedin.com/in/zhichu-ren/, https://www.linkedin.com/in/wenbo-zhang6"
Code Four,SPRING 2025,Modernizing the police workflow.,https://www.ycombinator.com/companies/code-four,"George Cheng, Natnael Kahssay, Dylan Nguyen","https://www.linkedin.com/in/cheng-george/, https://www.linkedin.com/in/natnaelkahssay/, https://www.linkedin.com/in/dylan-nguyenn"
Lumari,SPRING 2025,Agentic internal tools,https://www.ycombinator.com/companies/lumari,"Eshani Mehta, Sam Lamba","https://www.linkedin.com/in/eshanimehta/, https://www.linkedin.com/in/samarthlamba"
mlop,SPRING 2025,Experiment tracking for training ML models,https://www.ycombinator.com/companies/mlop,"Lakee Sivaraya, Stephen Sun","https://www.linkedin.com/in/lakeesiv/, https://www.linkedin.com/in/jqssun"
Den,SPRING 2025,Cursor for knowledge workers,https://www.ycombinator.com/companies/den,"Linus Talacko, Justin Lee","https://www.linkedin.com/in/linustalacko, https://www.linkedin.com/in/justin1ee/"
Propolis,SPRING 2025,Hands off QA via intelligent browser agents.,https://www.ycombinator.com/companies/propolis,"Marc Papazian, Matt White","https://linkedin.com/in/marc-papazian, https://www.linkedin.com/in/matt-white-4750397b/"
Cotool,SPRING 2025,AI Agents for Security Operations Teams,https://www.ycombinator.com/companies/cotool,"Logan Carmody, Eddie Conk, Max Pollard","https://www.linkedin.com/in/logan-carmody/, https://www.linkedin.com/in/eddieconk, https://www.linkedin.com/in/mmpollard/"
Delty,SPRING 2025,AI staff engineer: software architect that leads coding agents,https://www.ycombinator.com/companies/delty,"Lalit Kundu, Catherine Zhao","https://linkedin.com/in/lalitkundu, https://www.linkedin.com/in/cat-catherine-zhao"
Nimbic AI,SPRING 2025,Automatically write and update internal docs with every code commit.,https://www.ycombinator.com/companies/nimbic-ai,"Akshath M, Ishan Khare, Ishan Mehta","https://www.linkedin.com/in/iskhare, https://www.linkedin.com/in/ishanmehta2"
Moby Analytics,SPRING 2025,AI financial auditors,https://www.ycombinator.com/companies/moby-analytics,"Dimitri Kassubeck, Thomas Rapilly, Clément Sengelen","https://www.linkedin.com/in/dimitri-kassubeck-69764647/, https://www.linkedin.com/in/thomas-rapilly-00481167/, https://www.linkedin.com/in/cl%C3%A9ment-sengelen-09261354/"
Rimba,SPRING 2025,AI to replace consultants for energy & industrial compliance reporting,https://www.ycombinator.com/companies/rimba,"Timothy Daniel, Akshay Sharma","https://www.linkedin.com/in/timothydaniel09, https://www.linkedin.com/in/akshay326/"
WorkDone,SPRING 2025,Real-time AI Compliance for Medical Documentation,https://www.ycombinator.com/companies/workdone,"Dmitry Karpov, Alex Odin, Sergey Yudovskiy","https://linkedin.com/in/dmitrykarpov, https://www.linkedin.com/in/odinalex/, https://linkedin.com/in/yudovskiy"
Probo,SPRING 2025,We help you get compliant while you focus on your business.,https://www.ycombinator.com/companies/probo,"Antoine Bouchardy, Bryan Frimin","https://www.linkedin.com/in/antoinebouchardy/, https://www.linkedin.com/in/gearnode"
MindFort,SPRING 2025,Autonomous Security Agents,https://www.ycombinator.com/companies/mindfort,"Brandon Veiseh, Sam Berston, Akul Gupta","https://www.linkedin.com/in/brandon-veiseh-77762113a/, https://linkedin.com/in/samberston, https://www.linkedin.com/in/akulguptax/"
chrt,SPRING 2025,chrt is a logistics platform for time-critical shipping,https://www.ycombinator.com/companies/chrt,"Kyle Reagan, Aaron Carver","https://linkedin.com/in/kyle-reagan-surfs, https://linkedin.com/in/aaroncarver"
Lapel,SPRING 2025,Scale personalized service to every customer.,https://www.ycombinator.com/companies/lapel,"Nikolas Huebecker, Coleman Oates","https://linkedin.com/in/nhuebecker, https://linkedin.com/in/colemanoates"
Mesmer,SPRING 2025,Cursor for CTOs,https://www.ycombinator.com/companies/mesmer,"João de Paula, Sergio Oliveira Bergmann, Lucas Silva","https://linkedin.com/in/joaopdepaula/, https://www.linkedin.com/in/sergio-bergmann/, https://www.linkedin.com/in/lucasbrunosilva"
Relixir,SPRING 2025,Content Automation for AI Search Visibility,https://www.ycombinator.com/companies/relixir,"Sean Dorje, Dennis Zax","https://linkedin.com/in/seandorje, https://linkedin.com/in/dennis-zax-704165201"
Janus,SPRING 2025,Battle-Test AI Agents with Human Simulation,https://www.ycombinator.com/companies/janus,"Shivum Pandove, Jet Wu","https://www.linkedin.com/in/shivump1/, https://www.linkedin.com/in/jet-wu-cmu"
Hemut,SPRING 2025,AI-powered operating system for trucking companies.,https://www.ycombinator.com/companies/hemut,"Loki Cheema, Anthony Guerrera","https://www.linkedin.com/in/loki-cheema/, https://www.linkedin.com/in/anthonynguerrera?utm_source=share&utm_campaign=share_via&utm_content=profile&utm_medium=ios_app"
Zero,SPRING 2025,AI powered email client that manages your email so you don't have to.,https://www.ycombinator.com/companies/zero,"Nizar Abi Zaher, Adam Wazzan","https://www.linkedin.com/in/nizar-abi-zaher-801462272, https://www.linkedin.com/in/ajxb/"
ValueMate,SPRING 2025,Valuemate automates real estate appraisals with AI,https://www.ycombinator.com/companies/valuemate,"Anir Prativadi, Pietro Demicheli","https://www.linkedin.com/in/anir-prativadi-4aa4881ba/, https://www.linkedin.com/in/pietro-demicheli/"
Bramante Biologics,SPRING 2025,American drug manufacturing,https://www.ycombinator.com/companies/bramante-biologics,"Scott Stankey, Michael Magaraci","https://www.linkedin.com/in/scottstankey/, https://www.linkedin.com/in/michael-magaraci/"
Scalar Field,SPRING 2025,Reinventing the trading terminal — one intelligent agent at a time.,https://www.ycombinator.com/companies/scalar-field,"Amandeep Singh, Ramakant Yadav","https://www.linkedin.com/in/amandeep-singh0/, https://www.linkedin.com/in/ramakant-yadav1/"
Eloquent AI,SPRING 2025,The AI Operator for Financial Services,https://www.ycombinator.com/companies/eloquent-ai,"Tugce Bulut, Aldo Lipani","https://www.linkedin.com/in/tugcebulut/, https://www.linkedin.com/in/aldo-lipani"
MorphoAI,SPRING 2025,Software tool for designing robots and machines,https://www.ycombinator.com/companies/morphoai,"Ayna Arora, Andrew Spielberg","https://www.linkedin.com/in/aynaarora/, https://www.linkedin.com/in/andrew-spielberg-82073926a/"
Vassar Robotics,SPRING 2025,$200 Al robot arms that learn new skills in 30 min.,https://www.ycombinator.com/companies/vassar-robotics,Charles Yong,https://linkedin.com/in/charles-zhengqi-yong
Boost Robotics,SPRING 2025,Robots for the inspection and maintenance of data centers,https://www.ycombinator.com/companies/boost-robotics,"Hardik Singh, Hans Kumar","https://www.linkedin.com/in/hardiksingh, https://www.linkedin.com/in/kumarhans/"
Sygaldry Technologies,SPRING 2025,quantum-accelerated AI servers,https://www.ycombinator.com/companies/sygaldry-technologies,"Chad Rigetti, Idalia Friedson","https://www.linkedin.com/in/chad-rigetti-9891562, https://www.linkedin.com/in/idaliafriedson/"
ParaQuery,SPRING 2025,Managed GPU-accelerated Spark + SQL at 2x speed and half the cost,https://www.ycombinator.com/companies/paraquery,Win Wang,https://www.linkedin.com/in/winwang
Klavis AI,SPRING 2025,Open Source MCP Integrations for AI Applications,https://www.ycombinator.com/companies/klavis-ai,"Xiangkai Zeng, Zihao Lin","https://www.linkedin.com/in/xiangkai-zeng/, https://www.linkedin.com/in/zihao-lin-14137716b/"
Third Chair,SPRING 2025,Agents for in-house legal teams,https://www.ycombinator.com/companies/third-chair,"Yoav Zimmerman, Shourya Lala","https://www.linkedin.com/in/yoav-zimmerman-05653252/, https://www.linkedin.com/in/shouryalala/"
Vesence,SPRING 2025,Cursor for Lawyers. Agentic AI in MS Office.,https://www.ycombinator.com/companies/vesence,"Henrik Hansson, Ludvig Swanstrom","https://www.linkedin.com/in/henrik-hansson-1571a8187/, https://www.linkedin.com/in/ludvig-swanstr%C3%B6m-73ab49114/"
PowerMatrix,SPRING 2025,Efficient and compact power supply for AI hardware,https://www.ycombinator.com/companies/powermatrix,"Borong Hu, Xufu Ren","https://www.linkedin.com/in/boronghu/, https://www.linkedin.com/in/xufu-ren-58477924b/"
Jazzberry,SPRING 2025,Training LLMs to be expert bug finders,https://www.ycombinator.com/companies/jazzberry,"Mateo Perez, Marco Dewey","https://www.linkedin.com/in/mateo-perez/, https://www.linkedin.com/in/marco-dewey/"
Besimple AI,SPRING 2025,AI powered data annotation,https://www.ycombinator.com/companies/besimple-ai,"Yi Zhong, Bill Wang","https://www.linkedin.com/in/yzhong94/, https://www.linkedin.com/in/8illwang/"
Alkali,SPRING 2025,Your Copilot for Building Chemical Projects,https://www.ycombinator.com/companies/alkali,"Emmett Goodman, Victor Miller","https://www.linkedin.com/in/emmett-goodman/, https://www.linkedin.com/in/victor-v-a514248b"
Human Behavior,SPRING 2025,"We reveal why users stay, leave, or pay",https://www.ycombinator.com/companies/human-behavior,,
QualGent,SPRING 2025,AI Mobile App Quality Assurance Tester,https://www.ycombinator.com/companies/qualgent,"Shivam Agrawal, Aaron Yu","https://www.linkedin.com/in/shivam-agrawal, https://www.linkedin.com/in/aaron-y-a12518ab/"
Prism AI,SPRING 2025,AI-native Datadog + Amplitude,https://www.ycombinator.com/companies/prism-ai,,
Novoflow,SPRING 2025,AI employees that automate medical operations for clinics.,https://www.ycombinator.com/companies/novoflow,,
Theta Software,SPRING 2025,Self-Learning for AI Agents,https://www.ycombinator.com/companies/theta-software,,
Lyra,SPRING 2025,AI-Native Zoom For Revenue Teams,https://www.ycombinator.com/companies/lyrahq,"Courtne Marland, Henry Kwon","https://www.linkedin.com/in/courtnemarland/, https://www.linkedin.com/in/taeksoo-kwon/"
Cleon,SPRING 2025,AI Agents for Software Implementations,https://www.ycombinator.com/companies/cleon,"Ricardo Pantaleon, Rohan Gupta, Alexandros Zisimidis","https://www.linkedin.com/in/ricardo-pantaleon-9b6959135/, https://linkedin.com/in/rohan-gupta1, https://www.linkedin.com/in/alexandros-zisimidis-a95592149"
throxy,SPRING 2025,Vertical AI agents that run the sales funnel on autopilot,https://www.ycombinator.com/companies/throxy,"Bergen Merey, Arnau Ayerbe Garcia, Pablo Jimenez de Parga Ramos","https://www.linkedin.com/in/bmerey/, https://linkedin.com/in/arnau-ayerbe, https://linkedin.com/in/pjdepargar"
Lucis,SPRING 2025,Function Health for Europe,https://www.ycombinator.com/companies/lucis,"Max Berthelot, Baptiste Debever, Max Guerois","https://linkedin.com/in/maximeberthelot, https://linkedin.com/in/bdebever, https://www.linkedin.com/in/maxguerois/"
Flott HQ,SPRING 2025,AI-native operating system for vehicle fleet management,https://www.ycombinator.com/companies/flott-hq,"Sylvanus MAHE, Kanvaly Fadiga","https://www.linkedin.com/in/sylvanus-mahe, https://www.linkedin.com/in/kanvaly-fadiga"
Crimson,SPRING 2025,The AI Associate for Litigation Lawyers,https://www.ycombinator.com/companies/crimson,"Mark Feldner, Amine Amor, David Strömbäck","https://www.linkedin.com/in/mark-feldner/, https://www.linkedin.com/in/amine-amor-4a7a42135/, https://www.linkedin.com/in/davidstromback/"
Casco,SPRING 2025,"Evaluate AI agents and apps on security, safety, and accuracy.",https://www.ycombinator.com/companies/casco,"Rene Brandel, Ian Saultz","https://linkedin.com/in/renebrandel, https://www.linkedin.com/in/iansaultz/"
Nomi,SPRING 2025,Cursor for Sales,https://www.ycombinator.com/companies/nomi,"Ethan Safar, Swan Beaujard","https://www.linkedin.com/in/ethan-safar/, https://www.linkedin.com/in/nullswan/"
Morphik,SPRING 2025,Open-source multimodal search for AI apps,https://www.ycombinator.com/companies/morphik,"Adityavardhan Agrawal, Arnav Agrawal","https://www.linkedin.com/in/adityav369/, https://www.linkedin.com/in/arnavagrawal03/"
RunRL,SPRING 2025,Reinforcement learning as a service,https://www.ycombinator.com/companies/runrl,"Andrew Gritsevskiy, Derik Kauffman",https://linkedin.com/in/agritsevskiy
Ticket Wallet,SPRING 2025,AI-optimized ticket resale,https://www.ycombinator.com/companies/ticket-wallet,"Truman Gelnovatch, Ryan Clare","https://www.linkedin.com/in/truman-gelnovatch-52442218a/, https://linkedin.com/in/ryan-clare-782299196"
Kaizen,SPRING 2025,Integrate instantly with any website.,https://www.ycombinator.com/companies/kaizen,"Kenneth Acquah, Michael Silver","https://www.linkedin.com/in/kenneth-acquah-45b397123/, https://www.linkedin.com/in/michael-silver-853952129/"
HABIT,SPRING 2025,Reshaping neighborhood services with robotics. Auto details are first.,https://www.ycombinator.com/companies/habit,"Michael Trehan, Harish Palani","https://www.linkedin.com/in/michaeltrehan, https://www.linkedin.com/in/harishkpalani"
Clidey,SPRING 2025,Documentation made for AI Agents,https://www.ycombinator.com/companies/clidey,"Hemang Kandwal, Anguel Hristozov","https://linkedin.com/in/hemangkandwal, https://linkedin.com/in/ahristozov"
Opusense AI,SPRING 2025,AI for Field Inspection Reports,https://www.ycombinator.com/companies/opusense-ai,"Roya Cody, Michael Bacani","https://www.linkedin.com/in/royacody/, https://www.linkedin.com/in/michael-bacani/"
Labric,SPRING 2025,The data layer for scientific research,https://www.ycombinator.com/companies/labric,"Caitlin Hogan, Connor Hogan","https://www.linkedin.com/in/caitlin-hogan-429551177, https://www.linkedin.com/in/connor-hogan-282709195/"
Photonium,SPRING 2025,AI-Driven Optical System Design,https://www.ycombinator.com/companies/photonium,"Jennifer Song, Adam Mhatre","https://linkedin.com/in/jennifer-y-song, https://linkedin.com/in/adam-mhatre-5b8aaa230"
Sixtyfour,SPRING 2025,Bloomberg for Sales,https://www.ycombinator.com/companies/sixtyfour,"Saarth Shah, Christopher Price","https://linkedin.com/in/saarthshah, https://linkedin.com/in/christopher-price-59a24b178"
Odapt,SPRING 2025,How great teams build internal software & agent workflows,https://www.ycombinator.com/companies/odapt,"Madhav Mohan, Lucas Negritto, Ende Shen","https://linkedin.com/in/madhav-m, https://www.linkedin.com/in/lucas-negritto-b942b8163/, https://www.linkedin.com/in/ende-shen/"
Clado,SPRING 2025,Deep Research for People,https://www.ycombinator.com/companies/clado,"Eric Mao, Tom Zheng","https://www.linkedin.com/in/eric-mao/, https://www.linkedin.com/in/toomzheng"
Combinely,SPRING 2025,AI coworker for accountants,https://www.ycombinator.com/companies/combinely,"Tom Invernizzi, Arthur Granacher","https://www.linkedin.com/in/tominvernizzi/, https://www.linkedin.com/in/arthur-granacher"
VoiceOS,SPRING 2025,Voice AI Interviews for Enterprise,https://www.ycombinator.com/companies/voiceos,"Jonah Daian, Parker Bjur, Kai Brokering, Ari Ramsan","https://www.linkedin.com/in/jonah-daian, https://linkedin.com/in/parker-bjur-7bb368178, https://linkedin.com/in/francis-brokering, https://linkedin.com/in/ari-ramsan"
Chiron,SPRING 2025,Grammarly for Math ✏️,https://www.ycombinator.com/companies/chiron,"James Booth, Max Booth","https://linkedin.com/in/james-booth-project-chiron, https://www.linkedin.com/in/max-booth-132928302/"
Jeevy Fabrication,SPRING 2025,AI Driven EPC - Weld Fabrication Contractor,https://www.ycombinator.com/companies/jeevy-fabrication,"Jeevesh Konuru, Vinay Konuru","https://www.linkedin.com/in/jeevesh-k-4aa73a139/, https://www.linkedin.com/in/vinay-k-b09034186/"
Trapeze,SPRING 2025,AI-native Zocdoc,https://www.ycombinator.com/companies/trapeze,"Betty Chang, Christopher Chen","https://www.linkedin.com/in/betchang, https://www.linkedin.com/in/chrismychen"
Tinfoil,SPRING 2025,"Tinfoil makes your AI workflows secure, verifiable, and private.",https://www.ycombinator.com/companies/tinfoil,"Tanya Verma, Jules Drean, Nate Sales, Sacha Servan-Schreiber","https://www.linkedin.com/in/tanya-verma-130a23124/, https://www.linkedin.com/in/jdrean, https://linkedin.com/in/nate-sales, https://www.linkedin.com/in/sacha-servan-schreiber-308341305"
The LLM Data Company,SPRING 2025,Datagen Tooling for Evals & RL,https://www.ycombinator.com/companies/the-llm-data-company,"Daanish Khazi, Gavin Bains, Joseph Besgen","https://www.linkedin.com/in/daanishkhazi/, https://linkedin.com/in/thegavinbains, https://www.linkedin.com/in/jpbesgen/"
Operative,SPRING 2025,Web application code generation for internal APIs,https://www.ycombinator.com/companies/operative,"Christopher Settles, Erik Quintanilla","https://www.linkedin.com/in/christopher-settles/, https://linkedin.com/in/erikquintanilla"
Parsewise,SPRING 2025,Business Analytics for Unstructured Data,https://www.ycombinator.com/companies/parsewise,"Max Hofer, Greg Csegzi","https://www.linkedin.com/in/mwhofer/, https://www.linkedin.com/in/gergely-csegzi"
Better Auth,SPRING 2025,The authentication framework for TypeScript,https://www.ycombinator.com/companies/better-auth,Bereket Engida,https://www.linkedin.com/in/bekacru/
Bluejay,SPRING 2025,The world's first quality assurance agency for voice AI.,https://www.ycombinator.com/companies/bluejay,"Rohan Vasishth, Faraz Siddiqi","https://www.linkedin.com/in/rohanvas/, https://linkedin.com/in/farazmsiddiqi"
Kestral,SPRING 2025,AI Agents that prioritize the highest impact work across Sales and R&D,https://www.ycombinator.com/companies/kestral,"Brian Kim, Bernard Xie","https://www.linkedin.com/in/brian-y-kim-16b7aa63/, https://www.linkedin.com/in/xiebernard"
Attune,SPRING 2025,"Faster builds, zero effort.",https://www.ycombinator.com/companies/attune,"Xin Ding, Eliza Zhang","https://www.linkedin.com/in/xinding3/, https://linkedin.com/in/lehaozhang"
PgDog,SPRING 2025,Scaling engine for PostgreSQL,https://www.ycombinator.com/companies/pgdog,Lev Kokotov,https://linkedin.com/in/levkk
Caucus,SPRING 2025,AI CRM for Government,https://www.ycombinator.com/companies/caucus,"Amir Farahani, Tyler Chen","https://www.linkedin.com/in/amir-farahani-21745b216, https://www.linkedin.com/in/tyler-chen-43570b241/"
Kirana AI,SPRING 2025,AI manager for physical stores,https://www.ycombinator.com/companies/kirana-ai,"Nicholas Sleeper, Prateek Pinisetti","https://www.linkedin.com/in/nicholas-sleeper-209641179/, https://www.linkedin.com/in/prateek-pinisetti-606287171/"
Mbodi AI,SPRING 2025,Embodied AI Platform for Industrial Robotics,https://www.ycombinator.com/companies/mbodi-ai,"Xavier (Tianhao) Chi, Sebastian Peralta","https://www.linkedin.com/in/xavierchi/, https://linkedin.com/in/sebastian-peralta-87493a135"
Percival,SPRING 2025,AI-powered data entry for wholesalers and distributors,https://www.ycombinator.com/companies/percival,"Kevin Bi, David Zhu","https://www.linkedin.com/in/kevin-bi-006426148/, https://www.linkedin.com/in/davidzhu10/"
VibeGrade,SPRING 2025,Cursor for Teachers,https://www.ycombinator.com/companies/vibegrade,"Daniel Martinez, Musa Aqeel","https://www.linkedin.com/in/danielmartinezdev, https://linkedin.com/in/musa-aqeel"
YouLearn,SPRING 2025,AI tutor for each student.,https://www.ycombinator.com/companies/youlearn,"David Yu, Achyut Krishna Byanjankar, Soami Kapadia","https://www.linkedin.com/in/david-yu-871202244/, https://linkedin.com/in/achyut-byanjankar, https://linkedin.com/in/soamikapadia"
stratify,SPRING 2025,AI agents that help you understand your customers' needs,https://www.ycombinator.com/companies/stratify,"Siddhartha Javvaji, Pratham Hombal","https://www.linkedin.com/in/siddhartha-javvaji-23b81617a/, https://www.linkedin.com/in/prathamhombal/"
Sim Studio,SPRING 2025,The open source AI agent builder,https://www.ycombinator.com/companies/simstudio,"Emir Karabeg, Waleed Latif","https://www.linkedin.com/in/emir-karabeg-53ab52196/, https://www.linkedin.com/in/waleedlatif"
Clarm,SPRING 2025,Perplexity for internal docs,https://www.ycombinator.com/companies/clarm,"Marcus Storm-Mollard, Alex Usher","https://www.linkedin.com/in/marcus-storm-mollard-a0514aa1/, https://www.linkedin.com/in/alex-usher"
Beluga Labs,SPRING 2025,Rippling for Content Creators,https://www.ycombinator.com/companies/beluga-labs,"Fernando Young, Jack Swisher","https://www.linkedin.com/in/fernando-young-13b713166/, https://www.linkedin.com/in/jack-swisher-77548a165/"
Kaelio,SPRING 2025,AI operating system for healthcare organizations,https://www.ycombinator.com/companies/kaelio,"Luca Martial, Andrey Avtomonov","https://www.linkedin.com/in/luca-martial/, https://www.linkedin.com/in/andreyavtomonov/"
Zenobia Pay,SPRING 2025,Bank transfers as payments for luxury retailers.,https://www.ycombinator.com/companies/zenobia-pay,"Ryan Prendergast, Theodore Li","https://www.linkedin.com/in/rprendergast, https://www.linkedin.com/in/theodore-li-0425b5177"
Zeon Systems,SPRING 2025,AI-powered robotics for scientific lab automation.,https://www.ycombinator.com/companies/zeon-systems,"Brontë Kolar, Tahir D'Mello","https://www.linkedin.com/in/bronte-kolar/, https://www.linkedin.com/in/tahirdme/"
The Robot Learning Company,SPRING 2025,Affordable robotic workers,https://www.ycombinator.com/companies/the-robot-learning-company,Jannik Grothusen,https://www.linkedin.com/in/jannik-grothusen/
HelixDB,SPRING 2025,The database for intelligence,https://www.ycombinator.com/companies/helixdb,"George Curtis, Xavier Cochran","https://linkedin.com/in/george-curtis-12b232a5, https://linkedin.com/in/xaviercochran"
Chonkie,SPRING 2025,Open Source Data Ingestion For AI,https://www.ycombinator.com/companies/chonkie,"Shreyash Nigam, Bhavnick Minhas","https://www.linkedin.com/in/shreyashnigam/, https://www.linkedin.com/in/bhavnicksm/"
Almond,SPRING 2025,AI robots for manufacturing,https://www.ycombinator.com/companies/almond-2,"Saba Khalilnaji, Shawn Patel","https://www.linkedin.com/in/saba-khalilnaji-853631241/, https://linkedin.com/in/shawnpatel"
Claim Health,SPRING 2025,The first AI revenue platform for post-acute healthcare,https://www.ycombinator.com/companies/claim-health,,
Capacitive,SPRING 2025,The AI Agent Platform for Knowledge Workers.,https://www.ycombinator.com/companies/capacitive,,
Anvil,SPRING 2025,Anvil is the SEO platform for the AI era,https://www.ycombinator.com/companies/anvil,,
Approval AI,SPRING 2025,"One-click mortgage: AI shops, negotiates, and handles your application",https://www.ycombinator.com/companies/approval-ai,,
Auctor,SPRING 2025,Automating Enterprise Software Implementations,https://www.ycombinator.com/companies/auctor,,
neoncoral,SPRING 2025,🪸 AI consumer social,https://www.ycombinator.com/companies/neoncoral,,
Galen AI,SPRING 2025,"Personal AI healthcare agent, powered by clinical and wearable data.",https://www.ycombinator.com/companies/galen-ai,,
SynthioLabs,SPRING 2025,Voice AI Medical Rep for Pharma,https://www.ycombinator.com/companies/synthiolabs,,
Cua,SPRING 2025,Docker for Computer-use Agents,https://www.ycombinator.com/companies/cua,,
Minerva,SPRING 2025,AI to Replace SMB Bookkeepers,https://www.ycombinator.com/companies/minerva,,
Kanava AI,SPRING 2025,Your First AI Sales Hire for Wholesale Distributors,https://www.ycombinator.com/companies/kanava-ai,,
GroundControl,SPRING 2025,Vertical AI for highly-regulated manufacturing,https://www.ycombinator.com/companies/groundcontrol,,
Avallon AI,SPRING 2025,AI agents for insurance claims operations,https://www.ycombinator.com/companies/avallon-ai,,
Bloom,SPRING 2025,Build and share mobile apps in seconds,https://www.ycombinator.com/companies/bloom-4,,
cubic,SPRING 2025,AI-powered code review platform,https://www.ycombinator.com/companies/cubic,,
Notus Autonomous Systems,SPRING 2025,Swarm robotics and full AI-command hierarchy integration,https://www.ycombinator.com/companies/notus-autonomous-systems,,
Golf,SPRING 2025,Open-source platform for building production MCP servers,https://www.ycombinator.com/companies/golf,,
BitBoard,SPRING 2025,The AI workforce for healthcare operations.,https://www.ycombinator.com/companies/bitboard,,
nao Labs,SPRING 2025,Cursor for data teams.,https://www.ycombinator.com/companies/nao-labs,,
